Artist,Total,100M
Bad Bunny,"32,776.4",78
BTS,"32,389.6",74
Justin Bieber,"29,711.3",39
Ed Sheeran,"29,200.0",40
Taylor Swift,"28,367.8",45
Shakira,"27,948.2",48
Blackpink,"27,521.1",44
Katy Perry,"25,026.4",26
Ozuna,"24,512.6",50
Eminem,"23,563.3",39
Ariana Grande,"22,646.3",38
Daddy Yankee,"22,348.6",44
J Balvin,"21,836.0",35
The Weeknd,"21,705.0",36
Maroon 5,"21,050.1",30
Karol G,"20,486.4",36
Maluma,"20,458.6",34
Rihanna,"20,432.3",36
Bruno Mars,"18,734.8",21
Marília Mendonça,"18,566.8",56
Enrique Iglesias,"17,937.2",31
David Guetta,"17,161.9",33
Coldplay,"16,832.4",22
Romeo Santos,"16,439.9",34
Beyoncé,"16,301.1",39
Henrique e Juliano,"15,961.1",43
Nicky Jam,"15,854.6",30
Anuel AA,"15,555.0",31
Gusttavo Lima,"15,534.2",41
Imagine Dragons,"15,401.8",23
Calvin Harris,"15,266.1",22
Chris Brown,"15,080.0",38
Marshmello,"15,057.7",30
Luis Fonsi,"15,055.1",12
Lady Gaga,"14,886.7",30
Alan Walker,"13,772.6",20
Adele,"13,707.3",18
TWICE,"13,556.2",27
Guru Randhawa,"13,493.4",33
Michael Jackson,"13,469.6",27
The Chainsmokers,"13,386.1",20
Banda MS,"13,280.1",29
Wiz Khalifa,"13,171.5",15
Post Malone,"13,119.5",20
Pitbull,"13,033.9",22
Linkin Park,"12,778.0",25
One Direction,"12,719.5",19
YoungBoy Never Broke Again,"12,694.5",30
Sia,"12,692.2",17
Gummibär,"12,655.3",14
Selena Gomez,"12,526.3",30
Arijit Singh,"12,280.0",23
Zé Neto e Cristiano,"12,213.4",35
Neha Kakkar,"12,061.2",20
Drake,"11,982.1",23
Billie Eilish,"11,909.6",27
Los Ángeles Azules,"11,896.8",29
Shawn Mendes,"11,768.2",18
Yo Yo Honey Singh,"11,216.1",37
twenty one pilots,"11,090.5",16
Rauw Alejandro,"11,059.0",25
PSY,"10,864.5",10
Dua Lipa,"10,783.2",19
Becky G,"10,545.3",14
The Black Eyed Peas,"10,479.7",20
Sebastián Yatra,"10,246.8",20
Jennifer Lopez,"10,084.0",25
Queen,"10,008.2",18
Nicki Minaj,"9,953.8",28
Avicii,"9,819.7",19
Jorge & Mateus,"9,721.6",26
Miley Cyrus,"9,630.9",23
XXXTENTACION,"9,443.6",19
Major Lazer,"9,428.6",13
Charlie Puth,"9,326.5",11
DJ Snake,"9,318.2",13
50 Cent,"9,311.7",15
Future,"9,291.2",14
Sam Smith,"9,271.3",13
Badshah,"9,126.4",18
Farruko,"9,106.2",21
Arcangel,"8,640.2",20
Jason Derulo,"8,561.0",22
Crazy Frog,"8,555.1",13
BIGBANG,"8,477.4",24
Martin Garrix,"8,327.4",15
CantaJuego,"8,324.5",14
Skrillex,"8,324.0",16
Wesley Safadão,"8,322.9",19
Christian Nodal,"8,307.9",19
Reik,"8,212.1",23
Anitta,"8,147.7",22
HA-ASH,"8,145.5",18
Sidhu Moose Wala,"8,139.6",20
Bizarrap,"8,099.3",28
Natti Natasha,"8,086.9",13
6ix9ine,"8,020.5",16
Paulo Londra,"8,017.0",17
MattyB,"8,005.3",21
Patati Patatá,"8,003.9",19
Guns N' Roses,"7,936.3",8
Don Omar,"7,907.9",16
Myke Towers,"7,875.3",16
Britney Spears,"7,802.2",26
Fifth Harmony,"7,717.6",9
Meghan Trainor,"7,669.3",8
P!nk,"7,667.5",23
Mariah Carey,"7,644.8",16
Matheus & Kauan,"7,631.8",18
AC/DC,"7,517.1",14
Migos,"7,499.1",14
Clean Bandit,"7,395.0",9
Juice WRLD,"7,299.7",14
OneRepublic,"7,285.8",10
Chino & Nacho,"7,279.5",13
Hariharan,"7,184.2",10
Cartel de Santa,"7,164.2",24
Little Mix,"7,158.2",17
Cardi B,"7,153.6",13
Lil Baby,"7,128.1",19
Kevin Gates,"7,121.5",16
Travis Scott,"7,102.6",15
Idina Menzel,"7,082.5",7
Prince Royce,"7,082.1",18
Piso 21,"7,067.6",11
Maître Gims,"6,960.1",18
CNCO,"6,947.7",16
Ricky Martin,"6,890.8",11
Calibre 50,"6,762.2",17
DJ Khaled,"6,740.9",11
Demi Lovato,"6,731.4",13
Boyce Avenue,"6,708.5",10
Justin Timberlake,"6,700.2",13
Maiara & Maraisa,"6,683.8",14
Thalia,"6,639.0",12
Stray Kids,"6,638.4",13
EXO,"6,600.4",17
Grupo Firme,"6,565.5",18
Jass Manak,"6,534.3",16
Red Hot Chili Peppers,"6,531.1",14
Ellie Goulding,"6,523.6",10
Inna,"6,485.0",18
Bon Jovi,"6,439.3",9
Lana Del Rey,"6,427.4",16
Juan Gabriel,"6,367.6",11
Manuel Turizo,"6,342.6",11
Metallica,"6,329.1",8
Luan Santana,"6,319.9",17
Ricardo Arjona,"6,286.1",11
Yasmin Verissimo,"6,191.5",17
Mark Ronson,"6,143.6",3
Wisin,"6,091.6",12
Akon,"6,072.7",9
Aventura,"6,031.5",16
Madonna,"6,004.5",12
Camila Cabello,"5,991.3",13
Avril Lavigne,"5,957.2",16
Nio García,"5,938.3",10
Kodak Black,"5,933.2",13
Marc Anthony,"5,932.3",16
Doja Cat,"5,897.0",17
Wisin & Yandel,"5,889.6",15
Haschak Sisters,"5,869.1",16
Whitney Houston,"5,867.0",11
Pentatonix,"5,866.5",13
Sean Paul,"5,847.5",11
Jul,"5,836.6",6
Camilo,"5,833.1",16
Hillsong Worship,"5,805.0",12
Lil Nas X,"5,726.4",10
Mohamed Ramadan,"5,694.0",9
Feid,"5,656.3",12
Lil Wayne,"5,601.7",9
Carlos Vives,"5,568.1",8
Maná,"5,516.8",19
G-Eazy,"5,515.9",8
Tyga,"5,431.3",7
Vicente Fernández,"5,417.7",13
Jessie J,"5,371.3",9
Plan B,"5,335.5",13
MC Kevinho,"5,325.1",12
Kygo,"5,307.2",11
Jesse & Joy,"5,270.6",10
Rahat Fateh Ali Khan,"5,263.6",12
Rosalía,"5,262.8",7
Usher,"5,234.4",15
Monkan Kankoon,"5,197.9",14
Nirvana,"5,197.2",8
Macklemore & Ryan Lewis,"5,097.9",8
Khalid,"5,077.1",10
Illslick,"5,054.4",12
Elissa,"5,051.8",10
Girls' Generation,"5,023.5",11
Flo Rida,"5,022.2",13
Machine Gun Kelly,"5,013.9",10
Rammstein,"5,006.0",17
Harry Styles,"5,003.7",10
Yuridia,"4,994.9",12
Sech,"4,991.4",12
Jubin Nautiyal,"4,965.9",6
Pablo Alborán,"4,964.5",11
Backstreet Boys,"4,957.3",9
TINI,"4,945.4",17
LMFAO,"4,936.9",6
Morat,"4,917.3",9
ZAYN,"4,896.6",5
Kenshi Yonezu,"4,882.2",13
Saad Lamjarred,"4,880.0",14
El Alfa,"4,876.3",13
Kanye West,"4,851.6",16
Dhanush,"4,843.6",8
Silvestre Dangond,"4,832.1",7
Seventeen,"4,830.2",7
Simone & Simaria,"4,806.2",11
Gorillaz,"4,789.7",11
Pop Smoke,"4,740.5",13
El Chombo,"4,654.7",1
Hussain Al Jassmi,"4,635.9",7
Lil Durk,"4,625.8",6
Meet Bros,"4,611.0",12
Adexe & Nau,"4,600.4",8
Rod Wave,"4,590.3",8
Lil Pump,"4,575.8",11
Kevin Roldan,"4,572.7",11
Hungria Hip Hop,"4,571.7",14
Céline Dion,"4,567.9",11
NCT,"4,554.8",12
Zion & Lennox,"4,531.6",10
Mon Laferte,"4,438.2",9
Bryan Adams,"4,432.1",10
Passenger,"4,412.4",1
Santa Fe Klan,"4,409.7",7
Yandel,"4,402.5",8
21 Savage,"4,362.9",8
La Adictiva Banda San José de Mesillas,"4,330.0",8
Halsey,"4,301.7",8
Atif Aslam,"4,277.8",9
System of a Down,"4,262.1",9
Melendi,"4,250.1",4
Chayanne,"4,247.8",14
Bruno e Marrone,"4,246.8",7
Ludmilla,"4,245.5",10
Carlos Rivera,"4,200.5",17
Slipknot,"4,162.1",10
Alejandro Fernández,"4,157.5",7
Nelly,"4,156.9",8
Rae Sremmurd,"4,150.6",10
Kendrick Lamar,"4,140.8",13
Fuerza Regida,"4,131.1",13
Lil Uzi Vert,"4,102.8",9
Dalex,"4,078.3",8
Luis Miguel,"4,050.6",10
Tiësto,"4,010.9",8
Panic! at the Disco,"3,980.3",7
Nour Al Zain,"3,971.2",8
Nickelback,"3,965.3",11
DaBaby,"3,961.1",7
Jhay Cortez,"3,927.1",5
Christina Aguilera,"3,924.5",12
Iggy Azalea,"3,872.9",9
Melanie Martinez,"3,867.2",11
Cali y El Dandee,"3,865.9",9
Marco Antonio Solís,"3,859.0",14
J.Fla,"3,853.5",6
Young Thug,"3,848.2",10
Arctic Monkeys,"3,842.0",6
Ariel Camacho y Los Plebes Del Rancho,"3,836.2",9
Abba,"3,831.1",11
Emiway Bantai,"3,820.6",8
Jonas Blue,"3,780.8",7
Little Big,"3,775.8",9
Cosculluela,"3,771.9",7
Grupo Frontera,"3,756.3",9
Peso Pluma,"3,749.6",12
Evanescence,"3,744.5",7
Lindsey Stirling,"3,743.8",9
Duki,"3,738.1",10
Justin Quiles,"3,731.7",5
Banda Los Recoditos,"3,729.7",11
Kurt Hugo Schneider,"3,706.8",5
Danny Ocean,"3,703.2",6
C-Kan,"3,670.4",8
Bebe Rexha,"3,660.4",5
Christina Perri,"3,652.8",3
John Legend,"3,637.4",4
Green Day,"3,633.0",7
LP,"3,615.7",7
Meek Mill,"3,611.7",8
Bryant Myers,"3,591.7",10
Lil Peep,"3,591.4",8
Soolking,"3,589.2",10
NF,"3,586.9",6
Alejandro Sanz,"3,568.3",6
MC Livinho,"3,566.5",10
Stromae,"3,566.1",6
Pharrell Williams,"3,558.6",6
Tribo da Periferia,"3,548.3",8
Pedro Capó,"3,533.1",2
Bee Gees,"3,523.5",8
Gabriela Rocha,"3,518.4",6
Pulcino Pio,"3,517.5",6
Alicia Keys,"3,508.0",7
La Oreja de Van Gogh,"3,501.4",7
Vishal Dadlani,"3,492.8",10
Violetta,"3,483.6",4
La Arrolladora Banda El Limón De René Camacho,"3,476.3",11
Naiara Azevedo,"3,476.2",9
Gustavo Mioto,"3,457.8",9
The Beatles,"3,445.4",12
Modern Talking,"3,443.7",8
Alex Rose,"3,435.8",6
Jay Chou,"3,432.5",4
Rels B,"3,427.8",5
Armin van Buuren,"3,411.9",5
James Arthur,"3,407.6",4
Khea,"3,402.4",11
GOT7,"3,367.5",9
Zedd,"3,345.1",10
Zé Felipe,"3,334.0",10
Jay Wheeler,"3,330.2",7
Ciara,"3,329.5",12
Aviões do Forró,"3,320.7",7
Gucci Mane,"3,320.1",2
Brytiago,"3,310.1",7
Maria Becerra,"3,291.7",12
Eladio Carrión,"3,272.5",6
Miyagi,"3,261.2",4
Río Roma,"3,243.5",9
Gerardo Ortiz,"3,243.2",11
Ne-Yo,"3,236.2",10
Paramore,"3,221.2",10
Camila,"3,219.9",9
Dr. Dre,"3,217.1",5
Harrdy Sandhu,"3,216.7",7
(G)I-DLE,"3,207.2",9
French Montana,"3,206.7",3
Luke Combs,"3,167.3",8
Zoé,"3,160.7",6
Yoasobi,"3,160.1",11
Udit Narayan,"3,157.5",8
Aerosmith,"3,153.3",7
La K'onga,"3,149.3",5
Greeicy,"3,144.4",8
Mac Miller,"3,140.3",5
Five Finger Death Punch,"3,139.3",9
The Cranberries,"3,128.8",5
Red Velvet,"3,123.7",12
Ankush Raja,"3,113.4",6
Dilsinho,"3,109.9",6
Jesús Adrián Romero,"3,103.8",8
Calle 13,"3,084.3",10
Aya Nakamura,"3,078.7",6
Gente De Zona,"3,064.2",4
La Trakalosa de Monterrey,"3,019.1",8
Hugo & Guilherme,"3,016.2",7
Jon Z,"2,999.2",8
Son Tung M-TP,"2,993.3",11
Childish Gambino,"2,976.9",7
A$AP Rocky,"2,964.6",4
Ferrugem,"2,963.2",9
Ava Max,"2,962.3",6
Anne-Marie,"2,959.5",7
Daft Punk,"2,952.2",5
MAGIC!,"2,950.8",2
Soprano,"2,936.8",11
Selena,"2,925.4",9
Zara Larsson,"2,924.8",4
Olivia Rodrigo,"2,917.8",8
Morgan Wallen,"2,915.9",8
Westlife,"2,914.8",6
Oasis,"2,900.4",7
YNW Melly,"2,899.0",9
Franco De Vita,"2,892.4",8
Kratai Phannipha,"2,891.1",6
Gloria Trevi,"2,885.6",5
NLE Choppa,"2,882.8",9
Gera MX,"2,880.1",4
Elton John,"2,863.7",7
George Michael,"2,857.1",5
Amr Diab,"2,857.1",4
Depeche Mode,"2,856.9",7
T.I.,"2,856.2",7
Turma do Pagode,"2,852.3",8
L'Algérino,"2,843.8",9
Moneybagg Yo,"2,841.5",2
Dimitri Vegas & Like Mike,"2,821.1",4
Carla Morrison,"2,816.8",7
Robin Schulz,"2,810.4",6
Sorriso Maroto,"2,805.5",4
The Pussycat Dolls,"2,802.0",8
Labanoon,"2,799.7",7
Mustafa Ceceli,"2,795.9",9
Polo G,"2,787.5",5
Swedish House Mafia,"2,787.1",5
will.i.am,"2,783.7",6
Fetty Wap,"2,762.0",7
Tarkan,"2,759.1",5
Fall Out Boy,"2,754.3",8
Rod Stewart,"2,752.4",5
Calum Scott,"2,748.8",4
Zé Vaqueiro,"2,743.8",8
Mamamoo,"2,730.0",4
Himesh Reshammiya,"2,706.6",3
David Bisbal,"2,704.6",6
Natanael Cano,"2,702.5",9
5 Seconds of Summer,"2,699.7",5
MCs Zaac & Jerry,"2,697.6",8
Sean Kingston,"2,692.2",4
Foo Fighters,"2,688.5",6
The Lonely Island,"2,679.3",9
a-ha,"2,672.4",3
Snoop Dogg,"2,649.4",7
Mau y Ricky,"2,640.9",3
Kelly Clarkson,"2,632.0",4
J. Cole,"2,631.5",7
Felipe Araújo,"2,630.9",8
Lukas Graham,"2,628.9",4
Avenged Sevenfold,"2,603.8",8
Soda Stereo,"2,587.2",6
Dhvani Bhanushali,"2,585.4",2
Roddy Ricch,"2,580.2",6
Canserbero,"2,576.9",6
Alka Yagnik,"2,559.8",6
Trey Songz,"2,552.3",4
Disturbed,"2,549.9",3
Muse,"2,549.5",6
YOUNGOHM,"2,540.5",8
De La Ghetto,"2,534.4",3
Ado,"2,530.1",6
Juanes,"2,529.5",9
Leningrad,"2,529.2",6
Piccolo Coro dell'Antoniano,"2,522.1",6
Luke Bryan,"2,520.3",8
Lewis Capaldi,"2,516.8",5
Super Junior,"2,500.6",7
Diego & Victor Hugo,"2,500.1",7
ITZY,"2,489.0",8
Koray Avcı,"2,486.4",8
Rag'n'Bone Man,"2,486.2",2
A Boogie wit da Hoodie,"2,465.5",4
HITS Records,"2,457.2",6
R. Kelly,"2,449.0",6
Logic,"2,444.4",4
Kendji Girac,"2,440.1",10
Gotye,"2,437.8",1
Megan Thee Stallion,"2,435.0",8
U2,"2,432.8",6
Amy Winehouse,"2,422.8",4
Official HIGE DANdism,"2,422.1",8
Carly Rae Jepsen,"2,416.1",2
Tones and I,"2,409.6",1
iKON,"2,407.2",3
Indila,"2,403.6",4
YG,"2,399.1",6
Nelly Furtado,"2,381.5",4
Jessi Uribe,"2,377.1",7
Rita Ora,"2,376.7",4
Andrea Bocelli,"2,368.8",5
Lunay,"2,352.7",6
Tierry,"2,351.8",3
Shreya Ghoshal,"2,350.3",5
Danna Paola,"2,349.3",4
Burna Boy,"2,348.8",5
Russ,"2,336.2",6
Alemán,"2,332.7",3
MC Pedrinho,"2,325.5",7
Desiigner,"2,323.4",4
Tove Lo,"2,323.4",3
MC Kevin,"2,309.9",4
SZA,"2,308.8",9
Blessd,"2,302.7",5
Timbaland,"2,295.7",6
Imran Khan,"2,294.2",5
Hassan Shakosh,"2,293.9",5
Projota,"2,293.0",5
Zack Knight,"2,289.5",3
Tory Lanez,"2,283.9",3
2NE1,"2,280.7",3
Kane Brown,"2,280.6",4
Israel & Rodolffo,"2,279.2",3
The Script,"2,269.7",5
Lil Dicky,"2,267.8",4
Radiohead,"2,264.8",3
Eduardo Costa,"2,263.9",5
Skillet,"2,263.6",6
Shania Twain,"2,262.8",6
Cyndi Lauper,"2,251.9",3
blink-182,"2,251.7",7
Natalia Lafourcade,"2,248.8",6
MC Davo,"2,241.9",6
Kany García,"2,234.5",6
Lil Tjay,"2,223.1",4
Boney M.,"2,221.5",4
Mike Posner,"2,217.4",2
K-ICM,"2,205.2",5
Ke$ha,"2,196.4",6
Carin Leon,"2,192.6",5
Luciano Pereyra,"2,190.6",5
Michel Teló,"2,188.8",2
Darshan Raval,"2,188.2",4
Hozier,"2,177.0",3
Lartiste,"2,172.3",3
Balti,"2,164.9",3
Michael Bublé,"2,153.3",5
The Killers,"2,146.6",6
Capital Bra,"2,144.8",4
MC Fioti,"2,141.6",1
Mora,"2,139.0",4
Banda El Recodo De Cruz Lizárraga,"2,137.0",6
Pabllo Vittar,"2,135.4",5
Sin Bandera,"2,134.8",6
Eros Ramazzotti,"2,134.5",4
Cocktail,"2,130.1",7
Arash,"2,130.1",5
Jason Aldean,"2,126.1",3
MC Kekel,"2,119.5",6
Alok,"2,119.1",2
Andra,"2,118.1",4
Jason Mraz,"2,117.0",5
Silentó,"2,110.7",1
Laura Pausini,"2,101.2",3
Remmy Valenzuela,"2,101.1",6
Lucas Lucco,"2,082.9",7
R.E.M.,"2,080.5",3
Lorde,"2,079.3",4
AKB48,"2,078.0",2
Ceca,"2,076.9",""
Fergie,"2,074.3",8
Joey Montana,"2,072.3",2
Roxette,"2,068.9",3
Paula Fernandes,"2,055.7",3
Mohamed Alsalim,"2,055.1",4
Timati,"2,051.8",4
Hala Al Turk,"2,051.0",6
Ricardo Montaner,"2,050.7",4
James Blunt,"2,048.8",3
Ryan Castro,"2,047.2",6
Big Sean,"2,047.0",6
Chris Jeday,"2,045.3",3
JoJo Siwa,"2,036.7",5
$uicideboy$,"2,035.8",4
Bryson Tiller,"2,034.5",4
Kid Ink,"2,032.3",3
Eslabon Armado,"2,032.0",4
Alvaro Soler,"2,026.3",4
Mary J. Blige,"2,016.4",5
Bruce Springsteen,"2,015.3",3
Juan Magan,"2,012.3",5
Zouhair Bahaoui,"2,010.5",4
Palak Muchhal,"2,001.9",3
Ninho,"2,001.8",7
Three Days Grace,"1,994.6",4
Noriel,"1,993.9",4
Raí Saia Rodada,"1,990.8",4
İrem Derici,"1,984.7",3
Niska,"1,979.8",5
Lata Mangeshkar,"1,978.2",6
Bring Me The Horizon,"1,974.6",3
Scorpions,"1,966.7",3
Junior H,"1,965.9",6
B Praak,"1,963.5",3
OMI,"1,963.2",3
IU,"1,960.6",8
My Chemical Romance,"1,958.5",7
Sabyan,"1,957.7",6
Rick Astley,"1,957.3",2
Fernandinho,"1,956.4",3
Abraham Mateo,"1,956.0",3
Cristiano Araújo,"1,955.7",6
El Komander,"1,955.3",3
The Game,"1,953.6",5
Florida Georgia Line,"1,952.2",7
Joji,"1,951.6",4
The Notorious B.I.G.,"1,951.3",4
"Earth, Wind & Fire","1,945.0",4
Blake Shelton,"1,942.4",3
Elvis Presley,"1,936.9",3
Korn,"1,934.2",4
Lauana Prado,"1,932.4",3
SHINee,"1,931.5",2
Tiago PZK,"1,931.0",3
Raymix,"1,919.9",4
Rick Ross,"1,918.5",3
ONE OK ROCK,"1,916.9",3
Kim Loaiza,"1,916.8",7
PNL,"1,916.5",8
Last Child,"1,915.9",5
Ahmed Saad,"1,913.9",6
Naps,"1,913.6",5
Shaggy,"1,905.4",6
Galantis,"1,901.0",4
Marcos & Belutti,"1,894.0",4
Hailee Steinfeld,"1,893.3",6
The Police,"1,888.6",3
Soulja Boy Tell'em,"1,883.9",2
Black M,"1,881.5",6
3 Doors Down,"1,876.1",3
2 Chainz,"1,873.6",5
João Gomes,"1,869.3",5
Destiny's Child,"1,867.4",7
Tom Odell,"1,866.0",2
AronChupa,"1,857.2",3
Naughty Boy,"1,853.5",2
Foster The People,"1,851.7",4
Sofia Reyes,"1,844.4",4
Audioslave,"1,840.2",3
LIT killah,"1,840.1",7
MC Cabelinho,"1,838.9",3
Toni Braxton,"1,834.7",4
J Alvarez,"1,833.0",3
The Kid LAROI,"1,832.9",2
Joyner Lucas,"1,832.0",2
Ñengo Flow,"1,827.9",6
Ella Mai,"1,826.9",5
4 Non Blondes,"1,820.9",1
Via Vallen,"1,820.3",3
Wham!,"1,811.9",2
Robbie Williams,"1,809.3",5
Lauv,"1,808.4",4
Andy Rivera,"1,807.4",4
B.o.B,"1,806.3",2
Manuel Medrano,"1,795.2",3
Vremya i Steklo,"1,790.9",5
Thiaguinho,"1,788.0",2
Sherine,"1,787.0",5
Santana,"1,786.1",3
T-Pain,"1,781.5",7
Toto,"1,771.5",3
Lil Skies,"1,766.5",5
Davido,"1,765.9",4
Trippie Redd,"1,764.2",3
2CELLOS,"1,761.6",1
Nella Kharisma,"1,756.2",5
Aqua,"1,751.0",1
Marilyn Manson,"1,749.0",3
Tomorrow X Together,"1,743.1",7
Jeremih,"1,742.8",6
NewJeans,"1,737.3",4
Trueno,"1,736.2",4
Orochi,"1,725.3",4
Israel Kamakawiwo'ole,"1,721.7",2
Damas Gratis,"1,712.1",5
Getsunova,"1,708.6",5
Jonas Brothers,"1,707.6",3
Kid Rock,"1,707.5",3
Vitor Fernandes,"1,706.8",4
Wolfine,"1,702.3",2
Chris Stapleton,"1,699.5",4
Hillsong UNITED,"1,694.0",2
Mrs. Green Apple,"1,691.7",4
JD Pantoja,"1,684.8",4
Mỹ Tâm,"1,684.7",5
Kehlani,"1,684.0",2
Fun.,"1,681.8",4
Joan Sebastian,"1,681.1",3
No Doubt,"1,677.4",2
Demet Akalın,"1,675.3",3
Ana Castela,"1,672.1",5
Grupo Revelação,"1,671.0",3
Lê Bảo Bình,"1,665.7",4
Reynmen,"1,661.3",3
Pedro Sampaio,"1,660.7",5
MHD,"1,658.5",5
Dwayne Johnson,"1,653.1",1
Summer Walker,"1,652.9",3
Afrojack,"1,633.6",3
Renuka Panwar,"1,630.8",1
Radwimps,"1,628.6",3
Europe,"1,627.4",2
Hande Yener,"1,625.8",3
Rombai,"1,624.2",5
Bonnie Tyler,"1,617.0",3
Abel Pintos,"1,614.0",1
Die Antwoord,"1,607.1",5
King,"1,607.0",2
Alexandra Stan,"1,604.4",5
Shaan,"1,604.1",2
Tainy,"1,601.4",3
Natiruts,"1,599.8",3
Yorushika,"1,596.3",4
Gigi D'Agostino,"1,588.8",3
Buray,"1,588.2",8
Carrie Underwood,"1,587.3",1
MC WM,"1,587.2",5
Sting,"1,584.6",5
R3HAB,"1,584.4",3
Ty Dolla $ign,"1,582.1",1
Journey,"1,575.3",4
Milky Chance,"1,567.3",3
Gunna,"1,566.8",2
Troye Sivan,"1,557.9",2
C. Tangana,"1,554.8",4
Dennis,"1,550.5",3
Carla's Dreams,"1,550.3",2
Auli'i Cravalho,"1,548.8",2
OutKast,"1,545.5",3
Sunidhi Chauhan,"1,536.8",3
L-Gante,"1,536.5",2
Preto no Branco,"1,535.5",2
Melim,"1,533.1",3
Willy William,"1,532.9",2
Mannat Noor,"1,532.4",1
Billy Joel,"1,532.4",3
The Neighbourhood,"1,532.0",1
Dire Straits,"1,531.1",5
Kids United,"1,528.3",3
Hadise,"1,521.1",5
Kong Huayrai,"1,520.4",4
Yo Gotti,"1,519.1",5
Jhené Aiko,"1,517.2",2
Banda Carnaval,"1,516.8",2
Kings Of Leon,"1,516.5",2
Alexis y Fido,"1,515.8",3
Bé Bảo An,"1,515.4",4
Phil Collins,"1,511.9",2
Marwa Loud,"1,508.3",5
Alessia Cara,"1,507.8",4
SISTAR,"1,504.7",4
Cris MJ,"1,504.6",2
Nicki Nicole,"1,503.2",4
Owl City,"1,491.7",2
Armaan Malik,"1,489.6",3
L.กฮ.,"1,489.2",5
Oliver Tree,"1,489.1",2
Akcent (Romania),"1,486.5",2
Darell,"1,485.7",3
Mano Walter,"1,485.5",3
Sabrina Carpenter,"1,484.6",1
Amenazzy,"1,483.6",2
4Minute,"1,481.9",4
YFN Lucci,"1,477.7",2
G.E.M.,"1,476.9",5
Fernando & Sorocaba,"1,474.4",1
Central Cee,"1,471.9",5
Lenny Kravitz,"1,469.5",4
Baby Rasta y Gringo,"1,468.3",4
Gülşen,"1,466.8",4
Rvssian,"1,465.1",4
Rudimental,"1,460.7",3
Yelawolf,"1,457.4",3
MC Lan,"1,451.7",2
Limp Bizkit,"1,451.0",5
Alejandra Guzmán,"1,448.8",3
Keane,"1,446.4",2
Duke Dumont,"1,445.4",2
The Lumineers,"1,441.1",4
Flume,"1,441.1",4
Keyshia Cole,"1,436.0",7
Pang Nakarin,"1,435.7",4
León Larregui,"1,435.5",4
Otilia,"1,432.6",1
Sila,"1,429.3",2
Gwen Stefani,"1,424.8",4
Jenni Rivera,"1,423.5",2
Jads & Jadson,"1,421.6",3
2Pac,"1,417.1",3
IZA,"1,416.9",5
J-Ax,"1,415.6",3
MC G15,"1,412.2",5
Sexion D'Assaut,"1,408.1",3
H.E.R.,"1,407.4",4
Zé Ramalho,"1,407.2",3
Era Istrefi,"1,403.0",1
Alec Benjamin,"1,401.4",1
Bruno e Barretto,"1,399.4",2
Sade,"1,399.0",4
John Newman,"1,396.7",2
Andrés Cepeda,"1,396.6",4
Brett Young,"1,393.2",3
Ylvis,"1,388.9",1
Sharry Mann,"1,387.9",3
Taio Cruz,"1,387.1",5
Vicentico,"1,383.4",4
Le Sserafim,"1,383.2",4
Emrah Karaduman,"1,382.7",3
Thirty Seconds to Mars,"1,373.8",3
Mahahing,"1,372.3",5
Diljit Dosanjh,"1,371.4",3
Aitana,"1,371.3",5
Wael Kfoury,"1,370.1",1
Carlos Baute,"1,369.8",1
Shinedown,"1,369.8",2
El Bebeto,"1,367.6",2
'N Sync,"1,364.1",4
Florence + The Machine,"1,355.3",3
Young M.A,"1,355.0",3
IVE,"1,354.0",5
Nipsey Hussle,"1,353.6",2
Train,"1,351.0",4
Mr. Children,"1,347.9",""
Leona Lewis,"1,347.8",4
Nightwish,"1,346.9",2
Treasure,"1,346.8",3
Aurora,"1,346.7",2
Jowell & Randy,"1,344.2",2
Severina,"1,343.2",2
Thomas Rhett,"1,342.6",2
Residente,"1,340.5",3
Simple Plan,"1,337.3",4
NerdOut,"1,335.3",1
Victor & Leo,"1,333.1",3
Kylie Minogue,"1,330.7",1
Survivor,"1,330.6",2
OG-ANIC,"1,330.4",4
Reykon,"1,329.8",2
Léo Magalhães,"1,322.9",1
Club Dogo,"1,322.5",""
Ministério Zoe,"1,320.2",1
Glass Animals,"1,320.0",2
Bob Marley,"1,313.4",2
Aimyon,"1,311.1",4
Márcia Fellipe,"1,310.2",3
Mabel Matiz,"1,309.8",3
Wizkid,"1,305.5",4
Mike WiLL Made-It,"1,305.5",1
Bastille,"1,305.2",1
Miguel Bosé,"1,304.8",3
Simge,"1,301.0",5
Nego do Borel,"1,296.1",3
Omarion,"1,293.6",1
The Verve,"1,293.0",2
Robin Thicke,"1,291.7",1
The Rolling Stones,"1,290.7",""
Dhurata Dora,"1,289.4",1
Jack Harlow,"1,287.7",4
Ayo & Teo,"1,286.1",2
George Ezra,"1,282.9",4
WINNER,"1,281.8",1
Felipe Peláez,"1,281.7",2
Labrinth,"1,281.1",4
Jax Jones,"1,279.8",4
Eden Muñoz,"1,274.9",2
Juan Luis Guerra,"1,268.5",1
Benny Blanco,"1,267.2",2
Gloria Groove,"1,266.6",4
Dynoro,"1,264.5",1
Sohail Sen,"1,260.7",2
Edward Maya,"1,260.6",2
Lil Mosey,"1,260.5",2
Nick Jonas,"1,260.2",2
Jay-Z,"1,259.5",3
Austin Mahone,"1,259.2",2
Bushido,"1,255.5",""
Liam Payne,"1,251.5",3
The Offspring,"1,250.9",3
Amit Kumar,"1,250.5",2
Rocco Hunt,"1,248.6",4
Lady Antebellum,"1,247.4",2
Eurythmics,"1,243.9",1
Kid Cudi,"1,240.4",3
Baby K,"1,239.9",3
Mike Bahía,"1,239.7",4
Pipe Bueno,"1,237.4",4
Disclosure,"1,237.1",3
Basshunter,"1,235.1",2
Bonez MC,"1,234.0",4
Miguel,"1,232.3",4
The 1975,"1,231.1",""
Banda Tierra Sagrada,"1,228.0",3
Mero,"1,226.5",3
Lauren Daigle,"1,226.1",2
Alex Campos,"1,225.9",2
Hoobastank,"1,223.1",1
DMX,"1,216.7",4
Gym Class Heroes,"1,215.7",2
Léo Santana,"1,215.5",2
Led Zeppelin,"1,212.8",4
Humberto e Ronaldo,"1,210.0",1
James Bay,"1,204.7",2
Enhypen,"1,203.4",3
Sido,"1,202.6",""
Anavitória,"1,200.4",3
Måneskin,"1,200.0",3
MIKA,"1,195.7",2
Yella Beezy,"1,194.8",2
Lizzo,"1,194.8",4
Marama,"1,194.2",2
Zak Chumpae,"1,192.4",3
Charli XCX,"1,192.1",3
Momoland,"1,191.5",2
August Alsina,"1,190.2",2
RASA,"1,186.8",3
João Bosco e Vinícius,"1,183.2",3
Ludacris,"1,182.8",1
Creedence Clearwater Revival,"1,182.6",3
Yellow Claw,"1,182.6",3
Leandro Borges,"1,180.2",1
Birdy,"1,178.6",4
Alkilados,"1,176.2",4
Lil Tecca,"1,174.3",1
Bích Phương,"1,174.2",2
Lexa,"1,173.4",3
Dan + Shay,"1,170.7",3
The Vamps,"1,170.1",2
The Strokes,"1,170.0",3
Weird Al Yankovic,"1,169.3",2
Bazzi,"1,167.0",4
Trúc Nhân,"1,166.7",4
GFriend,"1,163.7",""
R. City,"1,162.4",1
Sam Hunt,"1,161.8",3
Rema,"1,158.3",1
Wale,"1,157.0",3
Ultimo,"1,156.6",""
Spice Girls,"1,154.3",1
Ben Fero,"1,153.1",3
Dido,"1,151.9",3
Tiziano Ferro,"1,144.3",""
DJ Hamida,"1,141.7",1
Julieta Venegas,"1,139.8",3
Boy Panomprai,"1,138.0",3
MC Poze do Rodo,"1,136.2",3
Dev Negi,"1,135.3",2
Sonu Nigam,"1,135.0",2
SAINt JHN,"1,133.1",2
Tame Impala,"1,131.9",4
Blueface,"1,131.2",2
Alesso,"1,130.9",2
Ghali,"1,130.4",2
Param Singh,"1,128.8",1
Bigflo & Oli,"1,124.9",1
DVBBS,"1,124.1",1
Mumford & Sons,"1,121.2",2
Bhad Bhabie,"1,118.8",2
Dillon Francis,"1,118.2",3
Papa Roach,"1,117.2",3
Bobby Shmurda,"1,116.5",1
Sefo,"1,116.3",4
Café Tacvba,"1,115.1",1
Sigala,"1,114.8",3
Vegedream,"1,114.3",2
John Mayer,"1,113.6",2
MC Stan,"1,113.6",3
Creed,"1,112.3",3
Bryant Oden,"1,110.6",2
Min,"1,108.8",5
Pooh Shiesty,"1,107.7",2
Fedez,"1,106.4",2
Kali Uchis,"1,100.8",4
AJR,"1,099.7",2
CKay,"1,099.5",4
Phan Mạnh Quỳnh,"1,098.8",2
Lost Frequencies,"1,097.1",3
Enzo Rabelo,"1,095.1",3
Vengaboys,"1,094.7",3
Siti Badriah,"1,091.5",1
Tate McRae,"1,090.2",2
João Neto e Frederico,"1,087.5",2
Hamza Namira,"1,085.4",2
Aleyna Tilki,"1,082.4",3
Kaaris,"1,080.2",2
Rich The Kid,"1,078.0",2
Busta Rhymes,"1,077.3",1
ScHoolboy Q,"1,076.7",3
Boyz II Men,"1,076.2",4
Marco Mengoni,"1,075.5",3
IZ*ONE,"1,074.4",4
AnnenMayKantereit,"1,073.2",2
Rusherking,"1,072.9",3
Jasmine Sandlas,"1,072.7",2
Monsta X,"1,071.8",1
Potato,"1,071.1",1
Leslie Grace,"1,068.1",3
Savage Garden,"1,065.3",3
Sasa Kovacevic,"1,064.4",""
K Camp,"1,064.4",2
Cher Lloyd,"1,056.9",5
Abu,"1,056.8",2
Jannine Weigel,"1,052.6",1
DNCE,"1,052.6",3
Metro Boomin,"1,052.1",""
Alonzo,"1,050.5",3
Bomba Estéreo,"1,046.3",3
Miranda Lambert,"1,044.0",3
Gen Hoshino,"1,043.5",1
Yash Narvekar,"1,036.7",2
Alex Sensation,"1,035.7",2
Duran Duran,"1,034.4",3
Wonder Girls,"1,031.8",2
Ivete Sangalo,"1,031.0",""
Ja Rule,"1,031.0",3
Michael Bolton,"1,031.0",3
Bump of Chicken,"1,028.6",1
Isaias Saad,"1,027.4",3
John Lennon,"1,024.9",4
Olly Murs,"1,023.0",3
Soobin Hoàng Sơn,"1,021.9",1
Of Monsters and Men,"1,012.6",2
25hours,"1,007.9",1
Ana Carolina,"1,006.9",2
Fly Project,"1,005.8",1
Seether,"1,005.7",1
Kizz Daniel,"1,005.4",2
Jamiroquai,"1,004.8",1
Rich Gang,"1,002.7",2
RKM & Ken-Y,"1,000.8",3
Fat Joe,999.7,2
Capital Cities,998.4,2
TLC,996.9,3
Mahmut Orhan,989.5,3
Lil Yachty,987.9,1
Brad Paisley,987.3,2
Years & Years,987.1,3
Henrique & Diego,985.5,2
Tony Kakkar,984.1,2
Keen'V,982.1,1
MC Doni,981.3,3
Rachel Platten,979.9,2
Axel,979.2,2
Apink,977.0,""
Culture Club,976.6,2
Why Don't We,976.1,1
Kenny Chesney,973.3,1
Steve Aoki,973.0,1
Leo Rojas,971.7,2
"Tyler, The Creator",970.4,2
Daughtry,970.0,3
The Cure,960.4,4
Tulus,957.7,2
Mario,956.1,2
Jay Sean,953.6,2
Pet Shop Boys,952.0,3
The Wanted,951.6,2
Delia,950.8,1
Burak Yeter,946.9,1
Midian Lima,941.8,2
The White Stripes,941.5,1
Tuğçe Kandemir,940.5,3
Tinie Tempah,939.4,2
Big Ass,939.1,2
Kool & The Gang,938.0,4
Vasco Rossi,937.9,""
La Quinta Estación,936.3,2
Pikotaro,935.4,3
Juicy J,932.4,1
Lilly Wood & The Prick,931.5,1
The Prodigy,931.3,1
Polina Gagarina,930.9,1
Jess Glynne,930.7,4
Altamash Faridi,929.9,1
Tony Dize,927.8,3
Eric Clapton,923.6,3
Vance Joy,921.0,1
KSI,919.5,1
JustaTee,916.9,3
Mr Probz,916.7,1
LANY,913.9,""
The Fugees,913.2,2
Marcela Gándara,911.8,2
X Ambassadors,908.5,2
AOA,907.9,1
Sum 41,907.6,2
Kiesza,907.5,2
M83,904.5,2
Iron Maiden,904.2,""
gnash,904.1,1
Spitz,901.8,2
KC Rebell,901.6,""
Jassi Gill,897.8,1
Tina Turner,896.7,2
Il Volo,896.7,1
Heart,896.2,2
Utada Hikaru,895.8,1
Kodaline,894.8,2
Bob Sinclar,890.8,2
Tinashe,890.6,1
Maite Perroni,888.4,3
deadmau5,885.2,""
SanLuis,885.1,2
NAV,883.9,""
PARTYNEXTDOOR,883.9,3
J Soul Brothers,877.0,1
Breaking Benjamin,876.2,2
Lenny Tavárez,875.6,1
Cigarettes After Sex,875.0,1
PnB Rock,874.1,""
Tayrone,873.4,1
Weezer,872.9,1
Blue,872.3,3
ChocQuibTown,869.8,1
Prince,869.0,1
Stormzy,868.5,3
Faydee,868.0,1
Irama,867.7,2
Goo Goo Dolls,867.7,1
Big Time Rush,867.6,1
Atitude 67,867.1,1
Thaeme & Thiago,867.0,""
Dave,866.7,1
La Factoría,866.0,1
Far East Movement,865.2,2
Queen Naija,864.4,3
Niall Horan,864.3,1
T-ara,863.6,""
365 DaBand,863.4,1
Pepe Quintana,862.3,3
AAA,861.5,2
Sekai no Owari,860.5,1
O.T. Genasis,860.3,2
MEDUZA,860.1,3
BNK48,859.8,2
Deorro,859.0,2
NiziU,858.5,2
Louis Tomlinson,858.3,1
Kungs,856.8,1
Wegz,856.0,2
KYLE,855.9,2
Lil Xan,855.7,2
Yuuri,855.0,2
MC Hammer,854.9,1
JayDaYoungan,854.8,1
Douzi,854.4,1
Oras Sattar,851.9,2
Kalash,849.0,1
Redfoo,844.9,3
O Rappa,844.5,1
Hebe Tien,843.9,1
SCH,843.2,1
Ace of Base,841.6,4
Pearl Jam,839.0,2
Zac Brown Band,839.0,1
Keri Hilson,838.8,2
Takagi & Ketra,838.2,3
Loredana Zefi,836.2,1
EXID,836.1,1
Bullet For My Valentine,835.2,1
Eric Church,834.4,""
John Denver,831.8,1
MC Rogerinho,831.7,3
Andy & Lucas,831.2,2
Lola Indigo,831.1,2
Pia Mia,830.8,1
Sofia Carson,829.0,3
Paulina Rubio,828.0,1
alt-J,824.1,1
Pawni Pandey,823.9,1
Leonard Cohen,822.8,2
Within Temptation,822.6,1
GTK,820.5,2
Cascada,819.4,1
Don Toliver,818.1,1
Trio Parada Dura,816.9,3
Rich Homie Quan,812.8,3
Tiago Iorc,809.3,2
T_T,808.7,2
Lilly Goodman,807.5,1
Alessandra Amoroso,807.3,1
India Martínez,798.8,2
Murat Boz,796.8,3
Jordin Sparks,796.8,2
Sophia Grace,796.2,1
Bella Poarch,792.5,2
Osmani Garcia,792.3,1
Ozan Doğulu,791.3,3
Extreme,789.4,1
KAZKA,788.4,1
City Girls,783.5,1
Dean Lewis,783.5,2
Maxim Fadeev,783.2,2
A Great Big World,780.7,1
Staind,778.2,2
Helene Fischer,777.8,1
Nicky Romero,774.9,1
UB40,774.6,1
Silva Gunbardhi,774.6,1
Oriente,771.5,3
Bloodhound Gang,768.4,1
t.A.T.u.,767.6,2
Jeremy Zucker,765.4,1
Saif Nabeel,764.7,3
Modà,763.5,""
Annalisa,762.1,""
La Fouine,761.6,1
Monica,760.0,3
Snow Patrol,758.0,1
Çağatay Akman,757.8,3
Blondie,756.8,1
The Fray,756.2,2
Fantasia,754.4,1
OrelSan,754.2,1
KeBlack,753.9,2
Nico & Vinz,753.3,1
Lali,752.9,1
Fireboy DML,748.9,2
Thiago Brava,745.6,1
Belanova,745.5,1
6LACK,745.0,2
Cleber e Cauan,744.6,2
Jovanotti,744.4,""
Gabriel Diniz,744.4,3
Jessi,744.3,3
Marina and the Diamonds,742.4,1
Little Big Town,741.5,3
Sarah Farias,739.9,2
K.A.R.D,738.4,""
Paty Cantú,737.2,""
Daoko,736.3,1
Travie McCoy,734.6,1
Yemi Alade,733.9,1
Pamungkas,733.7,1
Mustard,732.5,2
24kGoldn,732.3,1
Rise Against,730.7,2
Jain,729.9,2
Lily Allen,728.7,2
Bảo Anh,728.3,1
Ece Seçkin,727.6,3
Fleetwood Mac,726.4,1
M.I.A.,725.9,2
Sophana,725.5,3
Reyli Barba,725.0,1
Pink Floyd,724.9,2
Felix Jaehn,723.0,1
BABYMETAL,722.7,1
Kevvo,721.8,1
Adam Lambert,718.2,3
Haikaiss,716.0,1
Magic System,711.9,1
Alanis Morissette,711.5,1
The Chipettes,710.2,1
Norm Ender,709.5,1
Livres,708.4,1
Perfume,708.2,""
Burak King,708.2,2
Kyary Pamyu Pamyu,707.9,1
Sak Noel,707.3,1
MC Rodolfinho,706.2,2
Smash Mouth,705.9,2
SDP,705.7,""
Feduk,705.6,2
MGMT,705.5,4
Ski Mask the Slump God,705.0,3
Iyaz,703.6,3
Shiina Ringo,703.3,""
Luther Vandross,702.9,2
Nicole Scherzinger,702.8,2
Heuss L'Enfoiré,702.8,2
IAmChino,700.5,1
Julia Michaels,698.9,1
Madcon,696.1,3
Armada,694.3,2
Ace Hood,694.2,1
ZAZ,693.8,2
DJ Antoine,693.5,2
Charlie Brown Jr.,692.2,1
Chung Ha,691.8,1
Brent Faiyaz,690.8,""
The Smashing Pumpkins,687.7,1
The Black Keys,687.2,1
Enya,687.1,1
Sinéad O'Connor,685.7,2
blackbear,684.8,2
Dawin,684.0,2
RIDSA,684.0,1
Khaled,681.9,1
Dierks Bentley,681.8,1
Sylwia Grzeszczak,681.8,1
Fabri Fibra,681.0,""
Starship,680.0,2
Masked Wolf,679.4,2
Richard Marx,678.8,1
Anna Kendrick,676.9,1
Matchbox Twenty,675.9,3
Hoàng Thuỳ Linh,672.3,1
Cro,670.6,""
AWOLNATION,669.3,1
Biel,668.2,1
Scooter,666.2,""
Martin Solveig,664.1,2
George Strait,663.3,1
Louane,663.1,1
Sakanaction,662.0,1
ZHU,661.7,2
Loubet,661.2,""
Johnny Cash,660.4,2
Lil Jon,658.8,2
Mark Forster,658.4,1
La Joaqui,656.0,2
Pentagon,651.7,1
DeJ Loaf,651.2,2
2PM,651.0,""
Bob Dylan,650.4,""
Empire Of The Sun,649.6,3
Mithoon,649.4,1
Summer Cem,648.8,1
LOONA,647.8,""
Stefflon Don,647.2,2
Bizzey,646.7,1
Millind Gaba,645.9,1
Fabio Rovazzi,644.5,3
Netta,643.3,2
BOL4,641.5,2
Alexio La Bestia,638.9,2
Conan Gray,638.4,2
Noah Cyrus,638.0,2
Kat DeLuna,635.2,2
The Calling,635.1,1
K'Naan,633.3,1
Judas Priest,633.3,""
Block B,632.6,""
Ashanti,632.3,1
Max Jenmana,631.2,2
Amit Mishra,630.2,2
Marracash,628.6,""
Beast,626.2,1
Bone Thugs-N-Harmony,625.3,2
Sumit Goswami,624.7,1
Rascal Flatts,624.5,1
Ligabue,619.6,""
BlocBoy JB,618.3,1
Gradur,618.2,2
Vũ Duy Khánh,618.1,1
Rei,617.8,2
E-Girls,616.1,""
Paul Van Dyk,614.0,1
Nekfeu,613.9,1
R.I.O.,610.6,1
Portugal. The Man,609.7,1
Vázquez Sounds,609.6,1
Ketsumeishi,609.1,2
Emis Killa,608.9,""
Simon & Garfunkel,607.8,2
Bow Wow,605.3,2
Kelly Rowland,604.8,1
Paloma Faith,604.5,1
Sevyn Streeter,604.1,1
Cher,602.9,1
miss A,601.8,1
Toygar Işıklı,601.5,1
Zaho,600.8,1
Meat Loaf,600.3,2
Cheat Codes,598.9,2
Kemilly Santos,594.0,1
Beastie Boys,593.1,1
The All-American Rejects,592.6,2
Rage Against The Machine,592.4,1
WALK THE MOON,589.2,1
Girl's Day,588.7,""
Malú,588.0,""
Y2K,587.9,1
Soundgarden,585.9,1
GReeeeN,585.9,""
Coez,584.6,1
Sara Bareilles,584.4,2
Ahmed Chawki,583.1,2
Queens of the Stone Age,581.6,1
Jacob Forever,581.1,2
Playboi Carti,580.3,1
Emma Marrone,577.5,""
MC Brinquedo,577.5,1
Lary Over,577.0,1
Derya Uluğ,576.5,2
Pollo,575.8,2
Erol Evgin,575.8,1
TVXQ,575.4,""
Jimi Hendrix,574.6,1
Colbie Caillat,573.8,2
Lou Bega,573.4,1
D.R.A.M.,573.3,1
Ayumi Hamasaki,572.4,""
Eiffel 65,572.2,2
Zay & Zayion,570.6,1
Aminé,569.8,1
Cole Swindell,569.7,1
Deep Purple,568.8,2
Daniel Caesar,567.4,2
GloRilla,566.6,1
Las Ketchup,565.8,2
Take That,565.0,1
f(x),563.1,1
Jefferson Moraes,562.0,1
Ailee,560.5,1
Kay One,560.1,2
Lilit Hovhannisyan,559.3,1
Vanilla Ice,558.8,1
Bridgit Mendler,557.0,2
R-chord,555.1,""
Paloma Mami,554.3,2
Playa Limbo,553.0,1
Rochak Kohli,552.5,1
Ayra Starr,552.3,1
Sławomir,551.2,1
BTOB,551.0,""
Ton Carfi,550.7,2
Chi Dân,550.0,1
Pusho,548.3,1
UM44K,547.6,2
Amir,547.3,2
Munhoz & Mariano,546.9,1
Hinder,546.6,1
Wanna One,545.8,1
Gülben Ergen,544.0,1
Boef,542.3,""
Simple Minds,540.4,2
Marc Seguí,539.6,1
K. Michelle,539.2,""
Luma Elpidio,539.0,2
Elisa,538.4,""
Blackstreet,536.9,1
back number,534.7,1
Ofenbach,534.0,2
Momoiro Clover Z,532.5,""
Sachet Tandon,531.7,1
Bonde da Stronda,529.7,1
Grimes,529.0,""
KARA,523.8,1
The xx,522.8,""
Young Money,521.5,1
Eve,521.5,1
Gianluca Grignani,521.4,2
Andreas Gabalier,521.4,1
Janet Jackson,517.9,""
Aun Feeble Heart,517.4,1
Negramaro,516.5,""
Rex Orange County,516.1,1
Theory of a Deadman,515.5,1
Mohombi,514.5,2
Kell Smith,513.8,1
OK Go,512.5,""
Alligatoah,512.4,""
Zendaya,512.4,1
Rob Zombie,512.2,1
Cage the Elephant,512.1,""
Billy Currington,511.7,1
Karmin,510.3,1
Diddy – Dirty Money,509.1,1
Bappi Lahiri,507.8,2
Hayley Kiyoko,507.3,1
Colonel Reyel,504.6,1
Nimo,501.2,""
Fridaynight to Sunday,500.8,1
Superfly,499.3,1
Salmo,497.9,""
Discopraise,496.7,1
K-Ci & JoJo,495.4,1
Whitesnake,495.1,2
Tyrese,494.5,1
Eva,492.4,1
December Avenue,490.9,2
Showtek,490.0,2
A.R. Rahman,489.9,1
Anastacia,489.0,1
Max Pezzali,487.9,""
Route 94,487.1,1
Grace,486.0,1
Retrospect,485.9,1
Gliss,485.8,2
Big Shaq,485.2,1
Tokio Hotel,484.9,""
Kate Bush,484.4,1
Hương Tràm,483.5,2
Parampara Tandon,482.8,1
Chance the Rapper,481.8,1
Sugarland,479.0,1
Hilary Duff,475.7,""
Tom Petty,474.0,1
Anaïs Delva,473.1,1
Cheryl,472.5,1
Counting Crows,469.5,1
Brandy,467.2,1
Aastha Gill,466.8,1
Gnarls Barkley,466.3,2
Akcent,465.4,2
Vinod Kumavat,464.8,1
MØ,464.6,1
Konshens,464.4,1
Vald,464.2,1
Sam Tsui,463.7,""
Jaden Smith,462.6,1
Eagles,459.1,1
Łobuzy,459.0,2
Mario Bautista,458.8,1
Güliz Ayla,458.5,2
The Smiths,458.3,""
Sigma,457.4,1
Lalo Ebratt,456.3,1
Nek,454.1,1
MC Guimê,454.1,1
Vanessa Carlton,451.8,1
Sheck Wes,451.4,1
Jazmine Sullivan,448.9,1
Elettra Lamborghini,447.9,1
Skylar Grey,446.4,1
Frank Ocean,444.3,""
Veysel,443.9,""
Banda Vingadora,443.7,1
Jay Rock,442.0,1
Natalie Imbruglia,441.9,1
Yinglee Srijumpol,441.8,1
Francesco Gabbani,441.6,1
Normani,439.1,2
Thegiornalisti,435.9,1
Maejor Ali,435.9,1
Onze:20,435.4,""
Village People,435.0,1
Grebz,434.9,1
Jojo Maronttinni,434.2,1
P-HOT,433.3,1
Aaliyah,433.1,""
Massive Attack,432.5,""
Sarah Connor,430.8,""
Bomfunk MC's,425.2,1
Lil' Kleine,424.8,""
Kelsea Ballerini,424.4,""
Shivam Pathak,423.3,1
Eypio,423.1,1
La Ley,423.0,1
Enigma,421.9,1
Loreen,421.1,1
3OH!3,421.1,1
Eva Simons,419.9,2
Kavinsky,419.0,1
Ruth B,417.5,1
The Band Perry,417.3,1
Example,415.2,1
Technotronic,414.9,1
Lifehouse,414.6,1
Azealia Banks,414.5,1
Cassie,413.6,1
Infinite,412.8,""
Amy Macdonald,412.7,1
Emeli Sandé,412.5,""
Wagakki Band,411.3,1
Jack Johnson,410.9,""
Warren G,409.2,1
Vitaa,408.4,2
Bella Thorne,408.4,1
Sukima Switch,406.5,1
Beck,405.2,1
Lupe Fiasco,404.9,1
Alice Merton,402.7,1
RUN-DMC,401.2,1
Nargiz,400.0,1
VIXX,399.9,""
K.Will,398.3,1
Alice Cooper,398.2,1
Guru Josh,398.1,1
Lamyai Haithongkham,396.6,1
MC Tati Zaqui,395.8,""
London Grammar,395.2,""
Arizona Zervas,394.6,1
Woodkid,394.2,2
American Authors,393.1,1
Margaret,392.0,""
Giorgia,391.8,""
Namika,391.7,2
Thepparit Imsudsumran,390.9,1
Farid Bang,390.2,""
James Morrison,388.8,1
Dosseh,387.3,1
Bad Meets Evil,386.7,2
Gesu no Kiwami Otome,381.3,1
Seeed,381.0,""
Apocalyptica,380.1,""
Claudio Capéo,378.4,1
Belinda,377.8,""
Rednex,376.4,1
Olexesh,375.1,1
Natasha Bedingfield,374.5,1
Mika Singh,374.4,1
Priyanka Chopra,373.4,1
Misia,373.3,""
Hurts,370.3,""
Twister El Rey,369.5,1
Tom and Angela,368.4,1
Icona Pop,367.9,1
Alien Ant Farm,362.7,1
Wyclef Jean,362.1,2
Janelle Monáe,359.4,""
Rebecca Black,358.9,1
Matt Hunter,358.8,1
Gianluca Vacchi,355.1,1
Feder,353.3,2
Chase Atlantic,350.2,""
Salt-N-Pepa,350.1,2
MC João,349.4,1
Sage The Gemini,349.0,2
Elle King,347.4,1
O-Zone,347.2,1
Tacabro,346.5,2
Lena,344.9,""
Yohani,343.5,1
Die Toten Hosen,342.6,""
Paolo Nutini,338.1,""
Hooverphonic,336.0,1
Adel Tawil,335.3,""
Fifty Fifty,332.4,1
Kardinal Offishall,332.1,1
Robert Miles,332.0,1
Echosmith,330.8,1
CLC,330.1,""
The-Dream,329.7,""
Cee Lo Green,329.5,1
Estelle,328.0,1
Klingande,326.9,1
Francesco Renga,326.1,""
Robyn,325.2,""
Afroman,323.5,1
Faithless,322.8,1
Claudia Leitte,322.2,""
Jidenna,320.1,""
Ronnie Flex,319.4,""
BoA,319.3,""
Ryan Higa,318.7,""
Evaluna Montaner,317.7,2
Lykke Li,317.6,""
Ráfaga,315.9,1
Shontelle,315.9,1
Near,315.6,1
Kelis,315.2,""
Cleopatra Stratan,313.6,""
Flower,312.7,""
Mac DeMarco,312.4,""
Pacheco,311.7,1
Ermal Meta,311.2,""
Midnight Oil,309.8,1
The Veronicas,308.9,1
Bausa,308.8,1
Vanessa Hudgens,307.3,1
Darude,306.7,1
MC Gui,305.0,""
Brandon Beal,304.0,1
Israel Novaes,303.3,""
Jeff Buckley,302.0,1
Ashley Tisdale,301.2,""
Wheatus,300.1,1
Manu Gavassi,299.8,""
Daniel Powter,299.6,1
Spyair,299.0,""
DJ Sem,297.9,1
Paul McCartney,296.1,""
Trịnh Đình Quang,296.0,1
Isyana Sarasvati,295.9,1
Aloe Blacc,294.4,""
Anahí,294.2,""
Stereoact,293.7,1
Chyno Miranda,293.3,1
Arcade Fire,290.0,""
Plain White T's,289.5,1
Veysel Mutlu,288.1,1
Charly Black,287.0,""
After School,285.7,1
Mylène Farmer,285.1,""
N.E.R.D,284.0,1
Marvin Gaye,283.7,1
Natalie La Rose,281.5,1
Hunter Hayes,280.6,""
Paweł Domagała,279.9,1
Clementino,279.9,""
Phillip Phillips,278.0,1
Nick Cave & The Bad Seeds,276.9,""
Anastasija Ražnatović,276.5,""
Hanson,276.4,1
Doğukan Manço,275.4,1
MCs Pikeno e Menor,274.8,1
Willow Smith,271.9,1
Kristína,270.2,""
Ayse Hatun Önal,268.6,1
Mitski,267.2,""
Yeah Yeah Yeahs,266.2,""
Marteria,264.6,""
David Bowie,264.2,""
NU'EST,263.5,1
Steps,262.5,""
Brockhampton,260.7,""
Francesca Michielin,258.5,""
Ella Henderson,258.0,1
Cobra Starship,257.5,1
The Kolors,256.9,""
Cesare Cremonini,256.4,""
Giusy Ferreri,256.3,""
Juan Karlos,255.8,1
Ayaka,254.0,""
Steve Lacy,251.3,1
Dev,251.0,""
I LOVE MAKONNEN,250.4,1
Kiiara,249.5,1
Kwabs,249.3,1
Max Gazzè,247.9,""
Hoa Vinh,247.2,1
Ghetto Phénomène,244.6,1
Alle Farben,243.5,""
B.A.P,243.2,""
Soul Asylum,242.7,1
Tay Zonday,240.4,1
Glasperlenspiel,239.4,1
David Archuleta,238.5,1
MC Bin Laden,238.3,1
amazarashi,237.5,""
Xantos,237.2,1
Suiyoubi no Campanella,237.2,""
Martin Tungevaag,237.0,1
Bon Iver,236.9,1
Max Giesinger,235.6,""
Daya,234.8,""
HAIM,233.1,""
The Avener,231.9,""
Ludovico Einaudi,229.7,""
Frank Sinatra,229.6,""
Psirico,229.1,1
Pardison Fontaine,227.6,1
Alex Mica,227.2,1
Gestört aber GeiL,227.2,""
MC Lon,224.8,""
Rick James,224.4,1
Tiê,224.4,1
Rockwell,220.0,1
Dulce María,219.6,""
Pietro Lombardi,218.2,""
Crayon Pop,216.8,""
Sugababes,216.1,""
Iuliana Beregoi,215.4,""
Snakehips,214.9,""
Duffy,214.0,1
Sheppard,213.0,""
Noemi,212.4,""
Fuse ODG,211.9,""
Alex Clare,211.1,""
Valesca Popozuda,209.3,1
Trouble Maker,204.5,1
Andreas Bourani,204.2,""
Pixie Lott,203.3,""
Tim Bendzko,201.4,""
