"","",Video,Views,Likes
1,=,BADVILLAIN - 'BADVILLAIN' MV,"5,246,863","18,268"
2,NEW,Kep1er ÏºÄÌîåÎü¨ | ‚ÄòShooting Star‚Äô M/V,"5,024,470","58,932"
3,NEW,BADVILLAIN - 'ÏïºÌò∏(BADTITUDE)' MV,"4,824,418","22,316"
4,-1,Eminem - Houdini [Official Music Video],"4,562,920","173,305"
5,-3,"Tainu Khabar Nahi - Arijit Singh | Munjya | Sharvari, Abhay Verma| Sachin-Jigar,Amitabh Bhattacharya","4,019,297","14,923"
6,NEW,Zaalima - DYSTINCT | Shreya Ghoshal | Mouni Roy | Rajat Nagpal | Rana Sotal | Anshul Garg,"3,421,994","57,621"
7,-3,BABYMONSTER - 'LIKE THAT' EXCLUSIVE PERFORMANCE VIDEO,"2,619,990","50,105"
8,+7,TREASURE - 'KING KONG' M/V,"2,223,083","31,698"
9,+15,"NEXZ(ÎÑ•Ïä§ÏßÄ) ""Ride the Vibe"" M/V","2,043,599",704
10,NEW,"Jaatni | Kudi Haryane Val Di | Ammy Virk & Sonam Bajwa | Ajay Hooda, Raj Mawar, Gulshan Sharma","2,015,368","82,119"
11,-6,ARTMS ‚ÄòVirtual Angel' Official MV,"2,011,706","7,943"
12,-5,"FloyyMenor, Cris MJ - Gata Only","2,010,334","13,020"
13,-7,SOOSEKI Lyrical Video | Pushpa 2 The Rule | Allu Arjun | Rashmika | Shreya Ghoshal | Sukumar| DSP,"1,890,085","15,150"
14,-4,ATEEZ(ÏóêÏù¥Ìã∞Ï¶à) - 'WORK' Official MV,"1,600,329","19,021"
15,-2,Kurchi Madathapetti Full Video Song | Guntur Kaaram | Mahesh Babu | Sreeleela | Trivikram | Thaman S,"1,483,887","6,449"
16,-4,Achacho - Video Song | Aranmanai 4 | Sundar.C | Tamannaah | Raashii Khanna | Hiphop Tamizha,"1,482,040","13,139"
17,-6,Crazy Frog - Axel F (Official Video),"1,466,813","4,796"
18,-4,CENTRAL CEE FT. LIL BABY - BAND4BAND (MUSIC VIDEO),"1,370,488","28,323"
19,-3,"Angaaron (The Couple Song) Lyrical | Pushpa 2 The Rule | Allu Arjun |Rashmika |Sukumar |DSP, Shreya","1,270,899","23,110"
20,-3,El Chombo - Dame Tu Cosita feat. Cutty Ranks (Official Video) [Ultra Records],"1,239,327","4,184"
21,-2,Grupo Frontera x Grupo Firme - EL AMOR DE SU VIDA (Video Oficial),"1,230,628","2,297"
22,-13,‡§∂‡•ç‡§∞‡•Ä ‡§π‡§®‡•Å‡§Æ‡§æ‡§® ‡§ö‡§æ‡§≤‡•Ä‡§∏‡§æ üå∫üôè| Shree Hanuman Chalisa Original Video |üôèüå∫| GULSHAN KUMAR | HARIHARAN |Full HD,"1,224,394","4,514"
23,-5,How Sweet,"1,190,086","4,675"
24,-16,aespa ÏóêÏä§Ìåå 'Armageddon' MV,"1,189,433","13,032"
25,-5,Not Like Us,"1,188,705","18,241"
26,-4,Benson Boone - Beautiful Things (Official Music Video),"1,143,456","10,207"
27,-6,Ozoda - Ko'k jiguli (Official Music Video 2024),"1,139,777","2,517"
28,-5,Maroon Color Sadiya #dineshlalyadav #Aamrapali Dubey #Kalpna #Neelkamal Singh | FASAL | Movie Song,"1,139,252","6,657"
29,+230,Jyoti Nooran - Paon Ki Jutti | Isha Malviya | Shiv Panditt | Jaani | Arvvindr S Khaira | Bunny,"1,133,324","25,481"
30,NEW,WayV Â®ÅÁ•ûV 'Give Me That (Korean Ver.)' MV,"1,108,266","32,101"
31,-2,"iZaak, Jhayco, Anuel AA - BBY BOO (Remix) [Official Video]","1,048,158","2,812"
32,-7,"Teri Baaton Mein Aisa Uljha Jiya (Title Track): Shahid Kapoor, Kriti Sanon | Raghav,Tanishk, Asees","1,046,906","3,253"
33,-5,"Dekhha Tenu | Mr. & Mrs. Mahi | Rajkummar Rao, Janhvi Kapoor | Mohd. Faiz | Jaani | Aadesh S| Sameer","1,036,420","11,920"
34,-7,Wiz Khalifa - See You Again ft. Charlie Puth [Official Video] Furious 7 Soundtrack,"1,022,329","5,155"
35,NEW,"Chann Russeya - Kudi Haryane Val Di | Ammy Virk & Sonam Bajwa | Komal Chaudhary,V Rakx,Happy Raikoti","1,002,792","20,161"
36,-10,PSY - GANGNAM STYLE(Í∞ïÎÇ®Ïä§ÌÉÄÏùº) M/V,"989,914","4,281"
37,-2,"BELLAKEO (Video Oficial) - Peso Pluma, Anitta","964,243","2,602"
38,-6,"MESITA, NICKI NICOLE, EMILIA, TIAGO PZK - UNA FOTO REMIX (Video Oficial)","964,096","1,759"
39,-8,Creepy NutsÔΩ¢Bling-Bang-Bang-BornÔΩ£ √ó TV AnimeÔΩ¢„Éû„ÉÉ„Ç∑„É•„É´-MASHLE-ÔΩ£ Collaboration Music Video #BBBB„ÉÄ„É≥„Çπ,"959,921","4,169"
40,-7,CantaJuego - Soy Una Taza (Version Mexico),"952,877",651
41,-7,Sabrina Carpenter - Espresso (Official Video),"937,085","11,967"
42,-6,Grupo Firme - El Beneficio De La Duda (Video Oficial),"910,734","7,326"
43,-5,"Sajni (Song): Arijit Singh, Ram Sampath | Laapataa Ladies | Aamir Khan Productions","902,556","8,555"
44,+1,Luan Pereira ft. @MuriloHuff - FALTA DE QU√ä? (Clipe Oficial),"891,510",966
45,-6,BABYMONSTER - ‚ÄòSHEESH‚Äô M/V,"891,181","6,138"
46,-3,The Weeknd - Save Your Tears (Official Music Video),"872,604","2,648"
47,-1,Yng Lvcas & Peso Pluma - La Bebe (Remix) [Video Oficial],"860,363","1,907"
48,-8,aespa ÏóêÏä§Ìåå 'Supernova' MV,"853,082","10,519"
49,-8,Reynmen - Renklensin (Official Premiere Video),"844,691","2,037"
50,-3,ILLIT (ÏïÑÏùºÎ¶ø) ‚ÄòMagnetic‚Äô Official MV,"833,467","6,316"
51,-7,"Maluma, Carin Leon - Seg√∫n Qui√©n (Official Video)","829,556","1,443"
52,-10,Eminem - Without Me (Official Music Video),"828,921","7,783"
53,-3,Mark Ronson - Uptown Funk (Official Video) ft. Bruno Mars,"815,910","2,774"
54,-5,Xavi - La Diabla (Official Video),"814,262","3,018"
55,-18,Twenty One Pilots - The Craving (single version) (Official Video),"810,259","9,255"
56,-5,Shakira - Waka Waka (This Time for Africa) (The Official 2010 FIFA World Cup‚Ñ¢ Song),"801,910","3,792"
57,-1,„É°„Ç∫„Éû„É©„Ç§„Ç∂„Éº / ÂàùÈü≥„Éü„ÇØ„ÉªÈáçÈü≥„ÉÜ„ÉàSV,"792,352","13,160"
58,+1,"Rvssian, Rauw Alejandro, Ayra Starr - Santa (Official Video)","780,323","3,099"
59,-5,"Palang Sagwan Ke | Khesari Lal Yadav, Aamrapali Dubey | Doli Saja Ke Rakhna | FULL SONG | Movie Song","761,228","3,694"
60,-2,"Yuridia, Angela Aguilar - Qu√© Agon√≠a (Video Oficial)","757,959","1,068"
61,-9,Cris MJ - SI NO ES CONTIGO (Video Oficial),"757,138","5,842"
62,-32,TONIGHT (Bad Boys: Ride Or Die) (Official Music Video),"753,969","1,046"
63,-6,Yimmy Yimmy - Tayc | Shreya Ghoshal | Jacqueline Fernandez | Rajat N | Rana | Nyadjiko | Anshul Garg,"742,659","4,495"
64,-4,50 Cent - In Da Club (Official Music Video),"735,927","3,675"
65,-10,"Los √Ångeles Azules, Emilia - Perdonarte ¬øPara Qu√©?","719,838","5,838"
66,-5,"Tiago PZK, Ke Personajes - Piel (Video Oficial)","712,964","1,731"
67,=,Becky G - POR EL CONTRARIO with Leonardo Aguilar & √Ångela Aguilar (Performance Video),"711,742","1,731"
68,-5,Magnetic,"709,352","3,568"
69,-5,"KAROL G, Shakira - TQG (Official Video)","708,179","1,557"
70,-5,Not Like Us,"685,624","9,624"
71,-5,Ebru Ya≈üar & Siyam - Yoksun,"674,864","1,197"
72,=,Post Malone - I Had Some Help (feat. Morgan Wallen) (Official Video),"663,724","4,841"
73,-20,"Dedh Bigha Zameen: Musafir (Song) | Pratik Gandhi, Khushalii Kumar | Arko, Jubin Nautiyal","663,547",390
74,-6,"Rema, Selena Gomez - Calm Down (Official Music Video)","662,511","2,713"
75,-6,ZICO (ÏßÄÏΩî) ‚ÄòSPOT! (feat. JENNIE)‚Äô Official MV,"661,591","5,083"
76,-6,"Jhoome Jo Pathaan Song | Shah Rukh Khan, Deepika | Vishal & Sheykhar, Arijit Singh, Sukriti, Kumaar","660,367","1,912"
77,-2,Eagles - Hotel California (Live 1977) (Official Video) [HD],"647,947","2,873"
78,-7,Coolio - Gangsta's Paradise (feat. L.V.) [Official Music Video],"643,674","3,693"
79,-2,Ve Kamleya | Rocky Aur Rani Kii Prem Kahaani | Ranveer | Alia | Pritam | Amitabh | Arijit | Shreya,"642,855","3,595"
80,-6,Ariana Grande - we can't be friends (wait for your love) (official music video),"640,433","4,219"
81,-2,KAROL G - MI EX TEN√çA RAZ√ìN (Official Video),"627,048","1,051"
82,-1,Xavi - Coraz√≥n de Piedra (Official Video),"626,687","1,699"
83,+2,"Billie Eilish, Khalid - lovely (Official Music Video)","622,593","4,674"
84,-6,Nassif Zeytoun x Rahma Riad - Ma Fi Leil [Official Video] / ŸÜÿßÿµŸäŸÅ ÿ≤Ÿäÿ™ŸàŸÜ Ÿàÿ±ÿ≠ŸÖÿ© ÿ±Ÿäÿßÿ∂ - ŸÖÿß ŸÅŸä ŸÑŸäŸÑ,"622,313","3,640"
85,-9,Luis Fonsi - Despacito ft. Daddy Yankee,"617,973","4,239"
86,+4,Major Lazer & DJ Snake - Lean On (feat. M√ò) (Official Music Video),"604,403","2,428"
87,-5,Artemas - i like the way you kiss me (official music video),"602,555","6,828"
88,+1,Miley Cyrus - Flowers (Official Video),"601,069","1,989"
89,-5,CantaJuego - El Baile del Gorila,"599,404",536
90,-42,Ana Castela - Minha Heran√ßa (DVD Heran√ßa Boiadeira),"597,773","4,284"
91,+3,Numb (Official Music Video) [4K UPGRADE] ‚Äì Linkin Park,"596,395","2,086"
92,-12,Bubble Gum,"595,296","2,250"
93,-10,Simone Mendes - DOIS TRISTES (Cantando Sua Hist√≥ria),"592,098","2,239"
94,-2,XG - WOKE UP (Official Music Video),"584,659","14,934"
95,-2,"Bum Bum Bole (Full Song) Film - Taare Zameen Par | Shaan, Aamir Khan","582,003","1,321"
96,-5,Eminem - Mockingbird [Official Music Video],"577,466","4,957"
97,+5,GIMS & DYSTINCT - SPIDER (Clip officiel),"574,859","6,203"
98,-3,Eminem - Love The Way You Lie ft. Rihanna,"574,098","2,667"
99,=,Grupo Frontera x Bad Bunny - UN X100TO (Video Oficial),"573,665","1,015"
100,-3,Lbenj - HWASI ( Exclusive music video 4K ) ŸÑÿ®ŸÜÿ¨ : ŸáŸàÿßÿ≥Ÿä,"570,027","2,151"
101,NEW,KAMAAYI MERI (Official Video) | Harj Maan | Latest Punjabi Songs 2024 | T-Series,"569,607","4,276"
102,-16,"PUSHPA PUSHPA (Lyrical)-Pushpa 2 The Rule | Allu Arjun |Sukumar |Rashmika |Mika,Nakash |Fahadh F|DSP","563,480","5,786"
103,+2,JERE KLEIN - ANDO (Video Oficial) | ENFASIS,"562,061",0
104,-16,295 (Official Audio) | Sidhu Moose Wala | The Kidd | Moosetape,"562,025","11,313"
105,-2,In The End [Official HD Music Video] - Linkin Park,"561,752","2,592"
106,-5,"Arc√°ngel, Grupo Frontera - ALV (Video Oficial) | Sentimiento, Elegancia y M√°s Maldad","560,538","1,189"
107,-7,"Camilo, Carin Leon - Una Vida Pasada (Official Video)","559,366","2,257"
108,+3,"Akhiyaan Gulaab (Song): Shahid Kapoor, Kriti Sanon | Mitraz | Teri Baaton Mein Aisa Uljha Jiya","557,749","2,451"
109,-5,SPOT! (feat. JENNIE),"555,919","2,666"
110,-12,‡∏™‡∏ß‡∏¢‡∏Ç‡∏¢‡∏µ‡πâ‡πÉ‡∏à - ‡∏ö‡πà‡∏≤‡∏ß‡∏ö‡∏∏‡πä‡∏Ñ x ‡∏ó‡∏¥‡∏î‡πÅ‡∏≠‡∏° x ‡∏Ñ‡∏≥‡∏°‡∏≠‡∏™ #‡∏≠‡∏±‡∏•‡∏ö‡∏±‡πâ‡∏°‡∏•‡∏∞‡πÑ‡∏ß‡πâ‡πÉ‡∏ô‡∏ê‡∏≤‡∏ô‡∏ó‡∏µ‡πà‡πÄ‡∏Ç‡πâ‡∏≤‡πÉ‡∏à [OFFICIAL MV],"554,362","1,401"
111,+3,"Grupo Firme - Gerardo Coronel ""El Jerry"" - Qu√© Onda Perdida (Video Oficial)","552,701",934
112,-16,"Luck Ra, Maluma, Khea - HOLA PERDIDA REMIX","550,292","8,450"
113,-7,Jennifer Lopez - On The Floor ft. Pitbull,"548,238","2,573"
114,+9,Junior H - Y LLORO [Official Video],"548,012","1,418"
115,NEW,"–ü—Ä–∏–≤–µ—Ç, —ç—Ç–æ –ù–∞–≤–∞–ª—å–Ω—ã–π. –ö–æ–Ω—Ü–µ—Ä—Ç –≤ –¥–µ–Ω—å —Ä–æ–∂–¥–µ–Ω–∏—è –ê–ª–µ–∫—Å–µ—è. Noize MC, –ö–∞—Å—Ç–∞, –ê–ò–ì–ï–õ, –ü–æ—Ä–Ω–æ—Ñ–∏–ª—å–º—ã","545,908","54,331"
116,-8,Lan - Zeynep Bastƒ±k | Lyric Video,"543,897",889
117,+1,"Feid, ATL Jacob - LUNA (Official Video)","543,591","1,583"
118,-3,David Kushner - Daylight (Official Music Video),"541,892","4,526"
119,+3,Michael Jackson - Billie Jean (Official Video),"537,860","2,725"
120,-8,BABYMONSTER - ‚ÄòSHEESH‚Äô PERFORMANCE VIDEO,"537,200","3,320"
121,-11,Taylor Swift - Blank Space,"536,516","1,800"
122,+20,BABASHA - PƒÉi Naa | Official Video,"535,016","6,443"
123,-10,Akon - Smack That (Official Music Video) ft. Eminem,"534,947","3,476"
124,-5,"BESAME REMIX - BHAVI, SEVEN KAYNE, MILO J, TIAGO PZK, KHEA, NEO PISTEA","534,039","2,485"
125,-4,Chayanne - Bailando Bachata (Official Video),"533,853","1,467"
126,+8,"Soni Soni | Ishq Vishk Rebound | Rohit Saraf, Pashmina| @DarshanRavalDZ@jonitamusic, Rochak,Gurpreet","531,471","5,054"
127,-18,Ed Sheeran - Shape of You (Official Music Video),"529,324","4,549"
128,+9,Illuminati (Music Video) | Sushin Shyam | Dabzee | Vinayak Sasikumar | Think Originals,"528,929","3,895"
129,-4,Winning Speech (Music Video) Karan Aujla | Mxrci | Latest Punjabi Songs 2024,"527,319","5,710"
130,-2,"Feid, Yandel - Brickell (Lyric Video)","526,199","1,498"
131,-2,"Kany Garc√≠a, Carin Leon - Te Lo Agradezco (Official Video)","524,229","1,104"
132,-6,"Emanero, Karina, J mena, Angela Torres - SINVERG√úENZA (Official Video)","522,413",761
133,+5,La Oreja de Van Gogh - Rosas (V√≠deo Oficial),"521,737",940
134,-7,Sai Abhyankkar - Katchi Sera (Music Video) | Samyuktha | Ken Royson | Think Indie,"520,575","2,581"
135,-3,Maroon 5 - Girls Like You ft. Cardi B (Official Music Video),"517,674","1,600"
136,-3,BLACKPINK - 'How You Like That' DANCE PERFORMANCE VIDEO,"516,859","2,747"
137,-13,Dafina Zeqiri x Yll Limani - Jom ka du me t‚Äôpa,"515,316","1,626"
138,-3,„Éì„Éì„Éá„Éê / ÊòüË°ó„Åô„ÅÑ„Åõ„ÅÑ(official),"509,968",0
139,-22,Achacho - Promo Song | Aranmanai 4 | Sundar.C | Tamannaah | Raashii Khanna | Hiphop Tamizha,"508,085","4,003"
140,+8,"WYA REMIX RED üî¥ - (Video Oficial) J Abdiel, De La Rose, Yan Block, Jay Wheeler, IZaak","505,329","3,671"
141,-11,Ed Sheeran - Perfect (Official Music Video),"504,704","3,895"
142,-11,"Post Malone, Swae Lee - Sunflower (Spider-Man: Into the Spider-Verse)","501,653","2,465"
143,-23,BUTRINT IMERI - PSIKOPAT,"500,887",463
144,-8,The Gummy Bear Song - Long English Version,"500,860","1,134"
145,=,KAROL G - Provenza (Official Video),"498,837",892
146,-6,Bruno Mars - The Lazy Song (Official Music Video),"498,576","2,040"
147,=,Justin Bieber - Baby ft. Ludacris,"496,156","3,600"
148,-5,Guli Mata - Saad Lamjarred | Shreya Ghoshal | Jennifer Winget | Anshul Garg,"495,994","2,984"
149,+606,"Ambajipeta Marriage Band - Gumma Video | Suhas, Shivani | Dushyanth | Bunny Vas | Dheeraj M","495,258","1,589"
150,-43,Goin Off (Official Video) Karan Aujla | Mxrci | Latest Punjabi Songs 2024,"491,731","6,649"
151,+2,"Los √Ångeles Azules, Maria Becerra - El Amor de Mi Vida","489,003","1,133"
152,+10,NUEVA VIDA (Lyric Video) - Peso Pluma,"488,685","1,022"
153,-9,Los √Ångeles Azules - Nunca Es Suficiente ft. Natalia Lafourcade (Live),"488,319","1,065"
154,+20,"Jhay Cortez, J. Balvin, Bad Bunny - No Me Conoce (Remix)","486,313",993
155,+9,90 - 90 Nabbe Nabbe - Gippy Grewal & Jasmine Sandlas | Sargun Mehta | Roopi Gill | New Song 2024,"486,299","2,019"
156,+12,"Tere Hawaale (Full Video) Laal Singh Chaddha | Aamir,Kareena | Arijit,Shilpa | Pritam,Amitabh,Advait","485,184","2,061"
157,=,SOFTLY (Official Music Video) KARAN AUJLA | IKKY | LATEST PUNJABI SONGS 2023,"484,624","1,910"
158,-19,Zouhair Bahaoui - Magdar [Official Music Video] | (ÿ≤ŸáŸäÿ± ÿßŸÑÿ®ŸáÿßŸàŸä - ŸÖÿßŸÇÿØÿ± (ŸÅŸäÿØŸäŸà ŸÉŸÑŸäÿ®,"482,977","2,759"
159,-10,"The Weeknd, JENNIE & Lily Rose Depp - One Of The Girls (Official Audio)","481,643","2,360"
160,-1,Gotye - Somebody That I Used To Know (feat. Kimbra) [Official Music Video],"480,537","2,893"
161,-99,SET VINI JR. - Os Pretos no Devido Lugar,"480,192","34,783"
162,-21,Al Shami - Khodni [Official Music Video] (2024) / ÿßŸÑÿ¥ÿßŸÖŸä - ÿÆÿØŸÜŸä,"479,722","2,651"
163,-2,Myke Towers - Lala (Video Oficial),"479,027","1,337"
164,-18,Katy Perry - Dark Horse ft. Juicy J,"477,412","1,659"
165,-13,Imagine Dragons - Believer (Official Music Video),"476,481","2,123"
166,-12,"Tujh Mein Rab Dikhta Hai Song | Rab Ne Bana Di Jodi | Shah Rukh Khan, Anushka Sharma | Roop Kumar","476,394","2,232"
167,-2,Natanael Cano - O Me Voy O Te Vas [Official Video],"472,717","1,021"
168,-8,"Zihaal e Miskin (Video) Javed-Mohsin | Vishal Mishra, Shreya Ghoshal | Rohit Z, Nimrit A | Kunaal V","472,693","2,446"
169,-11,"‚úì Kallo ‡§ï‡§≤‡•ç‡§≤‡•ã | Ajay Hooda (Official Video) Pooja Hooda,Pardeep | New Haryanvi Songs Haryanavi 2023","472,429","1,600"
170,-15,Calibre 50 - Si Te Pudiera Mentir (LETRA),"470,644",703
171,-21,Sia - Unstoppable (Official Video - Live from the Nostalgic For The Present Tour),"470,434","2,068"
172,-1,George Michael - Careless Whisper (Official Video),"465,345","2,634"
173,-10,"Future, Metro Boomin, Kendrick Lamar - Like That (Official Audio)","462,586","3,567"
174,+10,Cyndi Lauper - Girls Just Want To Have Fun (Official Video),"459,780","2,227"
175,+2,Christian Nodal - Ya No Somos Ni Seremos (Letra / Lyrics),"459,256",517
176,-60,"‡§∏‡§Ç‡§ï‡§ü‡§Æ‡•ã‡§ö‡§® ‡§π‡§®‡•Å‡§Æ‡§æ‡§® ‡§Ö‡§∑‡•ç‡§ü‡§ï, Sankat Mochan Hanuman Ashtak,HARIHARAN,Hindi, English Lyrics, Hanuman Chalisa","458,990",764
177,+6,Lewis Capaldi - Someone You Loved,"457,724","3,025"
178,+9,Melendi - Destino o Casualidad ft. Ha*Ash,"456,456",669
179,-12,"Por Mi Mexico Remix üá≤üáΩ - Lefty SM, Santa Fe Klan, Dharius, C-Kan, MC Davo & Neto Pe√±a","455,888","1,647"
180,-5,Lady Gaga - Poker Face (Official Music Video),"455,871","2,245"
181,+31,GYA x BABASHA - Baklava | Official Video,"454,783","1,210"
182,+21,Oscar Maydon x Gabito Ballesteros x Chino Pacas - Elvira [Official Video],"454,033",978
183,+30,Gianluca Grignani - Mi Historia Entre Tus Dedos (HD),"453,847","1,184"
184,-4,Daddy Yankee & Snow - Con Calma (Video Oficial),"453,186","1,861"
185,+1,Amy Winehouse - Back To Black,"451,382","3,415"
186,-13,Rag'n'Bone Man - Human (Official Video),"451,369","2,249"
187,-18,Alan Walker - Faded,"450,991","2,790"
188,-10,Tamer Ashour - Haygely Mawgow3 | ÿ™ÿßŸÖÿ± ÿπÿßÿ¥Ÿàÿ± - ŸáŸäÿ¨ŸäŸÑŸä ŸÖŸàÿ¨Ÿàÿπ,"450,089","1,215"
189,-8,Taylor Swift - Fortnight (feat. Post Malone) (Official Music Video),"449,049","2,246"
190,-11,Backstreet Boys - I Want It That Way (Official HD Video),"448,650","1,827"
191,-40,Tea Tairovic x Nucci - TeaNucci (Official Video || Album TEA),"448,619","3,431"
192,-22,Badshah X Arijit Singh - Soulmate (Live Video) | Ek THA RAJA,"448,128","5,315"
193,+1,"Feid, ATL Jacob - Luna (Visualizer)","447,538",733
194,+5,Maroon 5 - Sugar (Official Music Video),"445,026","1,336"
195,-39,PUSHPA PUSHPA (Telugu Lyrical) Pushpa 2 The Rule | Allu Arjun | Sukumar |Rashmika| Chandrabose | DSP,"444,424","1,521"
196,-11,The Weeknd - Starboy ft. Daft Punk (Official Video),"444,046","2,184"
197,+8,i√±igo quintero - Si No Est√°s (Letra Oficial),"443,958","1,686"
198,NEW,PYAAR AAYI JAWE (Official Video) | Davinder Dhillon | Latest Punjabi Songs 2024 | T-Series,"443,843","4,019"
199,-27,Semicenk - Tek Ba≈üƒ±ma,"443,829",931
200,NEW,"ATEEZ(ÏóêÏù¥Ìã∞Ï¶à)Ïùò ÌÇ¨ÎßÅÎ≥¥Ïù¥Ïä§Î•º ÎùºÏù¥Î∏åÎ°ú! ‚Äì WAVE, BOUNCY, UTOPIA, ÎØ∏Ïπú Ìèº, Î©ã, WORK, Answer, Î∂àÎÜÄÏù¥Ïïº | Îî©Í≥†ÎÆ§ÏßÅ | Dingo Music","443,224","75,171"
201,-35,Lady Gaga - Bloody Mary (TikTok Remix | Speed Up) | Wednesday Dance Scene,"440,974","1,448"
202,-26,CG5 - Sleep Well (from Poppy Playtime: Chapter 3),"440,708","2,974"
203,-6,Aqua - Barbie Girl (Official Music Video),"440,298","1,292"
204,-14,"ANIMAL:Pehle Bhi Main(Full Video) | Ranbir Kapoor,Tripti Dimri |Sandeep V |Vishal M,Raj S |Bhushan K","437,962","2,355"
205,-4,P!nk - Just Give Me A Reason ft. Nate Ruess,"437,159","1,192"
206,-14,Mary J. Blige - Family Affair (Official Music Video),"437,137","2,328"
207,-25,Tyla - Water (Official Music Video),"437,012","2,400"
208,-12,Christina Perri - A Thousand Years [Official Music Video],"436,226","2,683"
209,-20,LE SSERAFIM (Î•¥ÏÑ∏ÎùºÌïå) 'Smart' OFFICIAL MV,"435,242","2,268"
210,-12,Hozier - Too Sweet (Official Lyric Video),"433,065","4,142"
211,-2,The Police - Every Breath You Take (Official Music Video),"431,952","1,486"
212,-4,Carin Leon - Primera Cita [Official Video],"431,348",934
213,-18,aespa ÏóêÏä§Ìåå 'Drama' MV,"431,084","2,649"
214,+7,Namo Namo - Lyrical | Kedarnath | Sushant Rajput | Sara Ali Khan | Amit Trivedi | Amitabh B,"430,955","1,588"
215,-13,Modern Talking - Cheri Cheri Lady (Official Music Video),"430,274","4,554"
216,+11,"SANTA FE KLAN, YAHIR SALDIVAR - A LA ORDEN (Video Oficial)","427,441","9,050"
217,+1,GloRilla ‚Äì Wanna Be feat. Megan Thee Stallion (Official Music Video),"426,455","2,437"
218,-11,Ella Baila Sola - (Video Oficial) - Eslabon Armado y Peso Pluma - DEL Records 2023,"425,956","1,410"
219,-31,Grupo Frontera ft. Maluma - POR QU√â SER√Å (Video Oficial),"425,111","3,347"
220,+2,"Luis R Conriquez, Joel De La P, Chimbala - Que Se Cuide [Video Oficial]","423,289","1,585"
221,-28,"The Kid LAROI, Justin Bieber - STAY (Official Video)","422,825","2,065"
222,-6,Miyagi & –≠–Ω–¥—à–ø–∏–ª—å feat. –†–µ–º –î–∏–≥–≥–∞ - I Got Love (Official Video),"422,824","1,149"
223,-12,Evanescence - Bring Me To Life (Official HD Music Video),"422,057","2,075"
224,-9,"Naina | Crew | Diljit Dosanjh, Ft. Badshah | Tabu, Kareena Kapoor Khan, Kriti Sanon | Raj Ranjodh","420,588","1,992"
225,+4,Samara - Souk (Official Music Video),"420,040","2,105"
226,-12,Passenger | Let Her Go (Official Video),"419,594","2,834"
227,-3,Fuerza Regida - TU NAME [Official Video],"419,413","1,195"
228,-37,Al Shami - Sabran [Official Music Video] (2024) / ÿßŸÑÿ¥ÿßŸÖŸä - ÿµÿ®ÿ±ÿßŸã,"417,215","1,746"
229,-29,Ebru Ya≈üar & Siyam & Zeyd - Kafamƒ±n ƒ∞√ßi,"416,471","1,380"
230,-2,Hozier - Too Sweet (Official Video),"415,420","5,771"
231,-12,"Usher - Yeah! (Official Video) ft. Lil Jon, Ludacris","415,250","2,199"
232,-15,Eminem - The Real Slim Shady (Official Video - Clean Version),"414,676","3,839"
233,-3,"Myke Towers, Farruko, Arcangel, Sech & Zion - Si Se Da Remix (Video Oficial)","413,853",657
234,-24,NewJeans (Îâ¥ÏßÑÏä§) 'How Sweet' Official MV,"412,415","7,077"
235,-29,"MC IG - Sorriso no Rosto (GR6 Explode) DJ Murillo e LT no Beat, DJ Glenner","410,997","4,929"
236,=,Billie Eilish - LUNCH (Official Music Video),"410,662","9,144"
237,=,"Trueno, Nicki Nicole, Bizarrap - MAMICHULA","409,978","1,304"
238,-7,Darell - Lollipop (Official Video),"408,431",788
239,-5,Natanael Cano X Oscar Maydon - Madonna [Official Video],"406,744","1,347"
240,-14,Nelly - Dilemma (Official Music Video) ft. Kelly Rowland,"405,624","2,074"
241,-16,Charlie Puth - We Don't Talk Anymore (feat. Selena Gomez) [Official Video],"403,624","2,195"
242,+1,Grupo Frontera - NO SE VA (Video Oficial),"401,763",869
243,-20,Ï†ïÍµ≠ (Jung Kook) 'Seven (feat. Latto)' Official MV,"401,749","2,109"
244,-11,ZAYN - Dusk Till Dawn (Official Video) ft. Sia,"401,510","1,801"
245,+2,Mon Laferte - Tu Falta De Querer (En Vivo),"399,456",691
246,+10,"Feid, Young Miko - Classy 101 (Official Video)","399,212",786
247,-27,ŸÅÿ±ÿ≠ÿ© ŸÖŸáÿØŸàŸäÿ© | ÿ≥ŸäÿØ ŸÅÿßŸÇÿØ ÿßŸÑŸÖŸàÿ≥ŸàŸä | Video Clip 2023,"399,133","1,129"
248,-8,"Luck Ra, Khea - HOLA PERDIDA","398,979","1,035"
249,-1,Bryan Adams - (Everything I Do) I Do It For You,"398,755","1,718"
250,-9,"Manu Bahtid√£o, Simone Mendes - Daqui Pra Sempre (V√≠deo Oficial)","398,209","1,069"
251,-12,Justin Bieber - Sorry (PURPOSE : The Movement),"397,080","1,577"
252,-20,TIKTOK - Ian Lucas x Fede Vigevani x Gusty DJ,"395,559","3,513"
253,-8,Adele - Rolling in the Deep (Official Music Video),"394,852","1,820"
254,-19,The Chainsmokers - Closer (Lyric) ft. Halsey,"394,102","1,318"
255,-17,Lyrical: Chammak Challo | Ra One | ShahRukh Khan | Kareena Kapoor,"392,496","1,620"
256,+7,"Yandel, Feid - Yandel 150 (Video Oficial)","391,671",641
257,+9,Dil Laga Liya - Full Video | Dil Hai Tumhaara | Preity & Arjun Rampal | Alka Yagnik & Udit Narayan,"390,265","1,576"
258,=,OneRepublic - Counting Stars,"389,013","1,613"
259,-13,Natanael Cano - Ya Te Olvid√© [Official Video],"388,818","1,788"
260,-9,La Bachata - MTZ Manuel Turizo | Video Oficial,"386,630","1,044"
261,-4,Sean Kingston - Beautiful Girls (Official HD Video),"386,476","1,585"
262,-58,Mabel Matiz - ƒ∞ki Satƒ±r Yara feat. A≈ükƒ±n Nur Yengi,"386,090","4,256"
263,-11,a-ha - Take On Me (Official Video) [Remastered in 4K],"385,734","1,972"
264,-20,Doja Cat - Paint The Town Red (Official Video),"384,107","1,799"
265,-12,Supernova,"383,283","1,843"
266,-24,"Manu Bahtid√£o, Guilherme e Benuto - Torre Eiffel (V√≠deo Oficial)","381,585",998
267,+4,"ANIMAL: SATRANGA(Song) Ranbir Kapoor,Rashmika|Sandeep V|Arijit,Shreyas P,Siddharth-Garima |Bhushan K","380,726","1,791"
268,-1,I Don't Want To Talk About It (from One Night Only! Rod Stewart Live at Royal Albert Hall),"379,839","1,160"
269,-14,"Ram Siya Ram (Lyrical) Adipurush | Prabhas | Sachet-Parampara,Manoj Muntashir S |Om Raut | Bhushan K","379,251","1,673"
270,+310,"Ishq Vishk Pyaar Vyaar | Ishq Vishk Rebound | Rohit Saraf, Pashmina,Jibraan,Naila,Rochak, Sonu Nigam","378,589",798
271,-10,Beyonc√© - Halo,"378,048","1,090"
272,-18,Fifth Harmony - Work from Home (Official Video) ft. Ty Dolla $ign,"376,315","1,067"
273,-9,BLACKPINK - ‚ÄòPink Venom‚Äô M/V,"375,971","1,609"
274,-9,"The Weeknd, JENNIE, Lily-Rose Depp - One Of The Girls (Official Video)","375,312","2,917"
275,-13,YOASOBI„Äå„Ç¢„Ç§„Éâ„É´„Äç Official Music Video,"372,190","1,416"
276,-3,"J√°lale alv - Bb Trickz, Kevin AMF (Video Oficial)","370,217","2,459"
277,-9,Keane - Somewhere Only We Know (Official Music Video),"368,332","2,540"
278,-3,System Of A Down - Toxicity (Official HD Video),"365,419","1,348"
279,-19,BLESSD ‚ùå OVY ON THE DRUMS - M√çRAME üíúüëÄ (VIDEO OFICIAL),"365,268","1,487"
280,=,Nirvana - Smells Like Teen Spirit (Official Music Video),"364,362","2,198"
281,NEW,"HAN, Seungmin ""ÏÇ∞ÏÜåÌò∏Ìù°Í∏∞(Respirator)"" | [Stray Kids : SKZ-RECORD]","364,311","94,518"
282,+31,"Dekhha Tenu - Lyric Video| Mr.&Mrs. Mahi |Rajkummar,Janhvi|Mohd. Faiz|Jaani","363,720","5,284"
283,+31,Halsey - Without Me,"362,614","1,868"
284,-3,Harry Styles - Sign of the Times (Official Video),"361,658","1,162"
285,+15,Bad Bunny ft. Bomba Est√©reo - Ojitos Lindos (Video Oficial) | Un Verano Sin Ti,"359,962",776
286,-3,Tom Odell - Another Love (Official Video),"359,921","3,200"
287,+10,The Cranberries - Zombie (Official Music Video),"359,467","1,557"
288,+8,Radiohead - Creep,"359,175","2,044"
289,+10,Whitney Houston - I Will Always Love You (Official 4K Video),"359,159","1,511"
290,+13,David Guetta - Titanium ft. Sia (Official Video),"358,050","1,308"
291,=,Murilo Huff - Anestesiado (DVD FORTALEZA),"357,357",863
292,+26,Pablo Albor√°n - Saturno (Videoclip Oficial),"356,740",970
293,-21,Patati Patat√° - Minhoca (DVD O Melhor da Pr√©-escola),"356,124",111
294,-24,Z√© Neto e Cristiano - Barulho do Foguete - #Escolhas,"355,689",628
295,+12,"Luis √Ångel G√≥mez Jaramillo, Gael Garc√≠a Bernal - Un Poco Loco (De ""Coco"")","355,405",861
296,+51,4 Non Blondes - What's Up (Official Music Video),"354,408","1,432"
297,-18,The Black Eyed Peas - Where Is The Love? (Official Music Video),"353,994","1,101"
298,-14,"Naacho Naacho (Full Video) RRR - NTR, Ram Charan | M M Kreem | SS Rajamouli | Vishal Mishra & Rahul","353,817",882
299,-17,"VAMO DE PAGODIN / SAMBA DE MALANDRO - DJ WN, DJ GM, MC Paulin da Capital, Ryan SP, Piedro e Daniel","353,445","1,858"
300,-8,"Arc√°ngel, Sech - Sigues Con √âl (Video Oficial)","353,240",602
301,-11,Indila - Derni√®re Danse (Clip Officiel),"353,118","3,003"
302,-24,Nicki Nicole - Ojos Verdes (Official Video),"352,285","1,243"
303,+5,Oscar Maydon x Junior H - Volver Al Futuro [Official Video],"350,996","7,783"
304,+20,Carin Leon x Grupo Frontera - QUE VUELVAS (Video Oficial),"350,978",716
305,-55,‡πÄ‡∏°‡∏£‡πà‡∏≠‡∏ô - JUEPAK Ft. ‡∏à‡πä‡∏∞ ‡∏ô‡∏á‡∏ú‡∏ì‡∏µ x GUNNER [OFFICIAL MV] | ‡πÄ‡∏≠‡πÅ‡∏Ñ‡∏•‡∏£‡πå ‡∏à‡∏∑‡∏≠‡∏õ‡∏≤‡∏Å,"350,308","1,173"
306,-37,"Fer Vazquez, Flor Alvarez - Te Amo ‚ô° (Video Oficial)","349,843",921
307,-22,Semicenk & Rast - Canƒ±n Saƒü Olsun (prod. by B√ºken),"349,408",755
308,-7,Picus - FBI,"349,350","2,011"
309,-20,KAROL G - Amargura (Visualizer),"349,032",389
310,-24,"Anuel AA, Casper Magico, Luar La L & Izaak - Toki (Video Oficial)","348,952","1,324"
311,-6,Picus - S√öPER ULTRA MEGA (Video Oficial),"348,873","1,632"
312,-14,Queen ‚Äì Bohemian Rhapsody (Official Video Remastered),"348,827","2,173"
313,-37,Al Shami - Ya Leil W Yal Ein [Official Music Video] (2023) / ÿßŸÑÿ¥ÿßŸÖŸä - Ÿäÿß ŸÑŸäŸÑ ŸàŸäÿßŸÑÿπŸäŸÜ,"348,246","1,279"
314,+22,Marc Segu√≠ - Tiroteo Remix ft. Rauw Alejandro y Pol Granch (Videoclip Oficial),"347,907","1,006"
315,+120,"Apna Bana Le - Bhediya | Varun Dhawan, Kriti Sanon| Sachin-Jigar, Arijit Singh, Amitabh Bhattacharya","346,680","1,164"
316,-7,Travis Scott - FE!N ft. Playboi Carti,"346,535","5,296"
317,-23,One Direction - Night Changes,"346,415","1,681"
318,-14,"Tainy, Anuel AA, Ozuna - Adicto (Official Video)","344,912",728
319,-24,Shakira - Hips Don't Lie (Official 4K Video) ft. Wyclef Jean,"343,940","1,556"
320,+62,BABYMETAL x @ElectricCallboy - RATATATA (OFFICIAL VIDEO),"343,454","8,174"
321,+47,Carin Le√≥n - Desp√≠dase bien [Official Video],"343,224","3,265"
322,-29,"Choli Ke Peeche | Crew - Kareena Kapoor K, @diljitdosanjh, Ila Arun, Alka Yagnik, Akshay & IP","343,143","1,548"
323,-21,Romeo Santos - Propuesta Indecente (Official Video),"342,678","1,132"
324,+1,Dua Lipa - Houdini (Official Music Video),"341,992","1,372"
325,-5,"Saiyaara Full Song | Ek Tha Tiger | Salman Khan, Katrina Kaif | Mohit Chauhan, Tarannum, Sohail Sen","341,347","1,171"
326,+13,BAD BUNNY x JHAY CORTEZ - D√ÅKITI (Video Oficial),"341,139",915
327,-12,Pharrell Williams - Happy (Video),"340,837","1,957"
328,-18,"Diz a√≠ qual √© o plano? - Mc Ig, Luki, GP, Ryan, PH, Poze, Oruam, Traplaudo, GH, Nego Micha (TMOIG)","340,369","1,764"
329,+17,SixTONES ‚Äì GONG [YouTube ver.],"340,095","1,189"
330,+30,Fuerza Regida - EXCESOS [Video Oficial],"340,024",644
331,+38,Eden Mu√±oz - Como En Los Viejos Tiempos (Video Oficial),"339,778",813
332,-21,"The Weeknd, Ariana Grande - Die For You (Remix / Lyric Video)","339,756",805
333,-7,Grupo Frontera x Ke Personajes - OJITOS ROJOS (Video Oficial),"339,586",545
334,+30,"Lady Gaga, Bradley Cooper - Shallow (from A Star Is Born) (Official Music Video)","339,182",832
335,-19,Nelly Furtado - Say It Right (Official Music Video),"338,661","1,416"
336,+15,Carin Leon - No Es Por Ac√° (Video Oficial),"338,422",545
337,-7,Hass Hass (Official Video) Diljit X Sia,"338,170","1,244"
338,-11,French Montana - Unforgettable ft. Swae Lee,"337,878","1,443"
339,+17,Piso 21 - D√©jala Que Vuelva (feat. Manuel Turizo) [Video Oficial],"337,584",473
340,-2,Dr. Dre - Still D.R.E. ft. Snoop Dogg,"337,566","2,446"
341,-35,"Pedro Cap√≥, Farruko - Calma (Remix - Official Video)","337,446","1,138"
342,-5,Marshmello ft. Bastille - Happier (Official Music Video),"337,351","1,987"
343,-24,‡∏ô‡πâ‡∏≠‡∏á‡πÄ‡∏ó‡∏™‡πÄ‡∏°‡∏≤ ‡πÄ‡∏à‡πâ‡∏≤‡πÄ‡∏ó‡∏™‡∏î‡∏µ (‡∫ô‡ªâ‡∫≠‡∫á‡ªÄ‡∫ó‡∫™‡ªÄ‡∫°‡∫ª‡∫≤ ‡ªÄ‡∫à‡∫ª‡ªâ‡∫≤‡ªÄ‡∫ó‡∫™‡∫î‡∫µ) - ‡∏Å‡∏ß‡∏≤‡∏á ‡∏î‡∏ß‡∏á‡∏§‡∏ó‡∏±‡∏¢ Feat. STS73„ÄêOFFICIAL MV„Äë,"336,819","1,161"
344,-10,OneRepublic - I Ain‚Äôt Worried (From ‚ÄúTop Gun: Maverick‚Äù) [Official Music Video],"336,687","1,328"
345,+8,That Girl (Official Video) | Amrinder Gill | Dr Zeus | Raj Ranjodh | Judaa 3 | Chapter 2,"336,024","4,369"
346,+6,Anitta - Envolver [Official Music Video],"335,753",903
347,+2,Fuerza Regida X Edgardo Nu√±ez - Billete Grande (En Vivo 2022),"335,470",625
348,-13,KAROL G - EL BARCO,"335,069",389
349,+1,Drama,"334,642","1,068"
350,-38,Stephen Sanchez - Until I Found You (Official Video),"334,461","2,878"
351,-19,BLACKPINK - 'Kill This Love' M/V,"334,351","1,831"
352,-24,Heeriye (Official Video) Jasleen Royal ft Arijit Singh| Dulquer Salmaan| Aditya Sharma |Taani Tanvir,"334,294","1,311"
353,-32,Like That,"334,113","3,021"
354,+3,"Guilherme e Benuto, Simone Mendes - Manda um Oi | DVD Deu Rolo de Novo","333,736",396
355,-14,Aventura - Ella y Yo (ft. Don Omar),"333,350",834
356,+6,Una Lady Como T√∫ - MTZ Manuel Turizo | Video Oficial,"332,480",695
357,-9,Sia - Chandelier (Official Video),"332,207","1,286"
358,+3,"Gerardo Coronel ""El Jerry"" - Te felicito [Video Oficial 2022]","330,682",559
359,+4,"Dalex - Hola Remix ft. Lenny Tav√°rez, Chencho Corleone, Juhn ""El All Star"" (Video L√≠rico Oficial)","330,645",780
360,-17,twenty one pilots: Stressed Out [OFFICIAL VIDEO],"330,036","1,980"
361,-7,The Chainsmokers - Don't Let Me Down (Official Video) ft. Daya,"329,753","1,401"
362,-20,Gorillaz - Feel Good Inc. (Official Video),"329,576","2,011"
363,-23,Akon - Lonely (Official Music Video),"329,448","2,747"
364,+14,"OA - Anuel AA, Quevedo, Maluma Feat. DJ Luian, Mambo Kingz (Video Oficial)","329,053",680
365,+7,Fugees - Killing Me Softly With His Song (Official Video),"328,956","1,474"
366,+80,Trueno - REAL GANGSTA LOVE (Visualizer),"328,321","8,049"
367,+4,Ricardo Arjona - Fuiste t√∫ feat. Gaby Moreno (Video Oficial),"328,035",624
368,-51,"JAWAN: Chaleya (Hindi) | Shah Rukh Khan | Nayanthara | Atlee | Anirudh | Arijit S, Shilpa R | Kumaar","327,337","1,445"
369,-40,"Dennis, Ana Castela e MC GW - RAM TCHUM (clipe oficial)","327,288","1,195"
370,-11,Sia - Cheap Thrills (Performance Edit),"327,027","1,521"
371,-13,Harry Styles - As It Was (Official Video),"326,591","1,674"
372,+4,Chris Brown - Under The Influence (Official Video),"326,288","1,602"
373,-40,Clean Bandit - Rockabye (feat. Sean Paul & Anne-Marie) [Official Video],"325,957","1,364"
374,-43,Assala - Fouq | Official Music Video 2023 | ÿ£ÿµÿßŸÑÿ© - ŸÅŸàŸàŸàŸÇ,"325,809",732
375,+5,Bad Bunny ft. Chencho Corleone - Me Porto Bonito (Video Oficial) | Un Verano Sin Ti,"325,153",925
376,-9,Tu Jo Mileya | Official Video | Juss x MixSingh | New Punjabi Song 2024 | Latest Punjabi Songs 2024,"324,911","2,534"
377,-54,Assala & Ahmed Saad - Sabb Farhety | ÿ£ÿµÿßŸÑÿ© Ÿàÿ£ÿ≠ŸÖÿØ ÿ≥ÿπÿØ - ÿ≥ÿ®ÿ® ŸÅÿ±ÿ≠ÿ™Ÿä | ÿ£ÿ∫ŸÜŸäÿ© ÿπŸäÿØ ÿßŸÑÿ≠ÿ® ŸÉÿßŸÖŸÑÿ© 2024,"324,776","1,142"
378,-23,Calum Scott - You Are The Reason (Official Video),"323,924","1,139"
379,-35,IVE ÏïÑÏù¥Î∏å 'Ìï¥Ïïº (HEYA)' MV,"323,710","2,300"
380,-103,Maria Mar√ßal - Deixa (Clipe Oficial MK Music),"323,458",984
381,-107,Katy Perry - Roar,"322,532","1,568"
382,+12,"Bad Gyal, Young Miko, Tokischa - Chulo pt.2 - (Official Video)","322,316",805
383,-6,Imagine Dragons - Thunder,"321,679",934
384,+6,"Kenia OS, La Joaqui - Kitty (Video Oficial)","321,129","2,185"
385,+30,Belanova - Rosa Pastel,"320,772",839
386,+15,Chencho Corleone - Un Cigarrillo (Official Video),"319,184","1,331"
387,-17,BLACKPINK - ‚ÄòShut Down‚Äô M/V,"319,175","1,560"
388,NEW,„ÄêAdo„ÄëMIRROR,"319,073","25,600"
389,-24,"Where You Are (From ""Moana""/Sing-Along)","318,336",527
390,+32,"Salastkbron, Diel Paris - Un Besito M√°s (Video Oficial)","318,148",664
391,-2,KAROL G - AMARGURA (En Vivo),"317,839",592
392,-47,LEO - Naa Ready Song Video | Thalapathy Vijay | Lokesh Kanagaraj | Anirudh Ravichander,"317,770","1,258"
393,-27,Coke Studio | Season 14 | Pasoori | Ali Sethi x Shae Gill,"317,200","1,189"
394,-1,Tayrone - C√™ T√° Preparada (Ao Vivo Em Goi√¢nia / 2021) ft. Mar√≠lia Mendon√ßa,"316,680",358
395,+54,[MV] PINKVERSE(ÌïëÌÅ¨Î≤ÑÏä§) _ Call Devil (KOR Ver.),"316,522",29
396,-22,"Future, Metro Boomin, Travis Scott, Playboi Carti - Type Shit (Official Video) ","316,290","2,168"
397,-22,BTS (Î∞©ÌÉÑÏÜåÎÖÑÎã®) 'Dynamite' Official MV,"316,054","2,383"
398,-12,Central Cee x Dave - Sprinter [Music Video],"316,020","2,376"
399,+10,Rauw Alejandro - DILUVIO (Official Video),"315,292",733
400,-2,Romeo Santos - La Diabla/Mi Santa ft. Tomatito,"315,076",411
401,+26,"Cris MJ, Dei V - Diab√≥lica (Visualizer) | Partyson","313,743",693
402,+19,Foster The People - Pumped Up Kicks (Official Video),"313,468","1,645"
403,-19,"Los √Ångeles Azules, NICKI NICOLE - Otra Noche","313,237",534
404,-21,Ayra Starr - Rush (Official Music Video),"313,229","1,131"
405,-26,Gorillaz - Clint Eastwood (Official Video),"313,229","2,296"
406,+7,Fuerza Regida - CRAZYZ (Official Video),"312,514",927
407,-15,Gym Class Heroes: Stereo Hearts ft. Adam Levine [OFFICIAL VIDEO],"312,242","1,916"
408,+25,"Tum Tum - Video Song | Enemy (Tamil) | Vishal,Arya | Anand Shankar | Vinod Kumar | Thaman S","311,845",896
409,+8,Kylie Minogue - Can't Get You Out Of My Head (Official Video),"311,289","1,288"
410,+6,#Video | ‡§™‡§ó‡§≤‡•Ä ‡§¶‡•á‡§ñ‡§æ‡§µ‡•á ‡§Ö‡§ó‡§∞‡§¨‡§§‡•ç‡§§‡•Ä | #Neelkamal Singh | Pagli Dekhave Agarbatti | #Bhojpuri Song,"311,109",669
411,+12,Lana Del Rey - Summertime Sadness (Official Music Video),"310,593","3,718"
412,-4,Eminem - Not Afraid,"310,456","1,944"
413,-40,Lil Nas X - Old Town Road (Official Video) ft. Billy Ray Cyrus,"310,350","2,202"
414,-19,Maluma - Sobrio (Official Video),"309,697",320
415,-4,The Verve - Bitter Sweet Symphony,"309,419","1,305"
416,-20,JISOO - ‚ÄòÍΩÉ(FLOWER)‚Äô M/V,"309,400","1,528"
417,-32,Marshmello - Alone (Official Music Video),"308,345","2,653"
418,+22,'Abhi Toh Party Shuru Hui Hai' FULL VIDEO Song | Khoobsurat | Badshah | Aastha,"308,259","1,230"
419,+23,Toto - Africa (Official HD Video),"308,256",969
420,=,So High | Official Music Video | Sidhu Moose Wala ft. BYG BYRD | Humble Music,"308,111","2,641"
421,-24,"Besharam Rang Song | Pathaan | Shah Rukh Khan, Deepika Padukone | Vishal & Sheykhar | Shilpa, Kumaar","306,797",601
422,-31,Sabrina Carpenter - Espresso (Official Audio),"306,521","2,149"
423,-13,Lady Gaga - Bad Romance (Official Music Video),"306,509","1,632"
424,+41,Cris MJ - DAYTONA (Video Oficial) | Partyson,"306,300",798
425,-25,Marc Anthony - Flor P√°lida (Official Video),"305,403",471
426,-38,BABYMONSTER - 'BATTER UP' M/V,"305,400","1,624"
427,-24,"J Balvin, Willy William - Mi Gente (Official Video)","305,273","1,308"
428,-3,Imran Khan - Amplifier (Official Music Video),"304,878","1,347"
429,-5,TONES AND I - DANCE MONKEY (OFFICIAL VIDEO),"304,055","1,395"
430,-12,"Christian Nodal, √Ångela Aguilar - Dime C√≥mo Quieres (Video Oficial)","303,903",732
431,-27,euphoria,"303,792","3,162"
432,-18,Yemi Alade - Tomorrow (Official Music Video),"303,052","2,361"
433,-46,Tyga - Taste (Official Video) ft. Offset,"302,944","1,171"
434,-15,"Timbaland - The Way I Are (Official Music Video) ft. Keri Hilson, D.O.E., Sebastian","302,859","1,311"
435,+9,"Carlos Vives, Sebasti√°n Yatra - Robarte un Beso (Official Video)","302,786",821
436,-34,Bedroom Audio - ‡πÄ‡∏û‡∏•‡∏á‡∏ó‡∏µ‡πà‡πÄ‡∏ò‡∏≠‡πÑ‡∏°‡πà‡∏ü‡∏±‡∏á [Official Music Video],"302,598",996
437,-9,Maria Becerra - IMAN (Two Of Us) (Official Video),"301,906","1,693"
438,-9,Don Omar - Taboo,"301,319",762
439,-2,Rihanna - Umbrella (Orange Version) (Official Music Video) ft. JAY-Z,"301,278","1,011"
440,-152,"Sajni (Full Video): Arijit Singh, Ram Sampath | Laapataa Ladies | Aamir Khan Productions","301,001","3,173"
441,+23,"Full Song: KHAIRIYAT (BONUS TRACK) | CHHICHHORE | Sushant, Shraddha | Pritam, Amitabh B|Arijit Singh","300,904","1,453"
442,-10,Britney Spears - ...Baby One More Time (Official Video),"300,301","1,351"
443,=,Man√° & Alejandro Fern√°ndez - Mariposa Traicionera (Video Oficial),"300,222",441
444,-3,"Jorge & Mateus, Lauana Prado - Haver√° Sinais (Clipe Oficial)","300,027",712
445,-40,Saad Lamjarred & @Enesse - Carrousel | 2024,"299,430",782
446,-10,SZA - Saturn,"298,734","1,447"
447,-8,"Bryant Myers ft. Anonimus, Anuel AA y Almighty - Esclava Remix (Video Oficial)","298,210","1,097"
448,-36,LISA - 'MONEY' EXCLUSIVE PERFORMANCE VIDEO,"297,736","1,883"
449,+14,"Luis Miguel - ""Ahora te puedes marchar"" (Video Oficial)","297,559",730
450,-44,"Á±≥Ê¥•ÁéÑÂ∏´ - „Åï„Çà„Éº„Å™„Çâ„Åæ„Åü„ÅÑ„Å§„ÅãÔºÅ Kenshi Yonezu - Sayonara, Mata Itsuka !","297,448","1,289"
451,+2,Paulo Londra ft Lenny Tavarez - Nena Maldicion (Official Video),"297,112",833
452,+4,Bonnie Tyler - Total Eclipse of the Heart (Turn Around) (Official Video),"297,066","1,051"
453,-8,Survivor - Eye Of The Tiger (Official HD Video),"296,717","1,554"
454,-16,Tate McRae - greedy (Official Video),"295,843","1,332"
455,+27,Calle 24 x Chino Pacas x Fuerza Regida - Que Onda ( Official Video ),"295,218",469
456,-22,Ed Sheeran - Thinking Out Loud (Official Music Video),"294,948","1,401"
457,+20,Bad Bunny - Moscow Mule (Video Oficial) | Un Verano Sin Ti,"294,300",654
458,=,Arcangel - Me Prefieres a Mi [Official Video],"294,180",702
459,-52,FROZEN | Let It Go Sing-along | Official Disney UK,"294,122",667
460,NEW,AKAD (Official Video) | Kaur B | Latest Punjabi Songs 2024 | T-Series,"293,854",667
461,+30,Junior H con Banda - El Hijo Mayor [En Vivo],"293,758",466
462,+18,"LADY GAGA (Video Oficial) - Peso Pluma, Gabito Ballesteros, Junior H","293,637",826
463,-214,Ayra Starr - Last Heartbreak Song ft. Giveon (Official Video),"292,104","17,987"
464,+7,"Eurythmics, Annie Lennox, Dave Stewart - Sweet Dreams (Are Made Of This) (Official Video)","291,960","1,450"
465,-392,"Tu Hain Toh | Mr. & Mrs. Mahi | Rajkummar Rao, Janhvi Kapoor | Hunny, Bunny, Sagar | Team Jaani","291,676","1,430"
466,-40,Madison Beer - Make You Mine (Official Music Video),"291,598","3,096"
467,-7,Natti Natasha ‚ùå Ozuna - Criminal [Official Video],"291,202","1,125"
468,-37,SEVENTEEN (ÏÑ∏Î∏êÌã¥) 'MAESTRO' Official MV,"290,567","3,606"
469,+28,Ke Personajes Ft Onda Sabanera | Pobre Coraz√≥n,"290,308",398
470,+49,Keblack Ft. Franglish - Boucan (Clip Officiel),"289,929","1,361"
471,-21,SEVDALIZA - RIDE OR DIE PT. 2 FT. TOKISCHA & VILLANO ANTILLANO (LYRIC VIDEO),"289,710","1,499"
472,-5,AC/DC - Thunderstruck (Official Video),"289,531","1,438"
473,-22,"Geolier, Ultimo - L'ULTIMA POESIA (Official Video)","289,294",653
474,+25,"Los Del Espacio - LIT killah, Duki, Emilia, Tiago PZK, FMK, Rusherking, Maria Becerra, Big One","288,619",641
475,+21,The Weeknd - Blinding Lights (Official Video),"288,488","1,876"
476,-29,Taylor Swift - Shake It Off,"287,283","1,435"
477,-9,Sean Paul - No Lie ft. Dua Lipa,"287,182","1,064"
478,+3,Shakira - Acr√≥stico (Official Video),"286,447",762
479,-13,The Weeknd - The Hills,"286,297","1,183"
480,-8,JAY-Z - Empire State Of Mind ft. Alicia Keys,"286,266","1,668"
481,-5,Fun.: We Are Young ft. Janelle Mon√°e [OFFICIAL VIDEO],"285,761","1,014"
482,-23,"Stray Kids ""ÎùΩ (Ê®Ç) (LALALALA)"" M/V","285,459","1,890"
483,+20,"Becky G, Bad Bunny - Mayores (Official Video)","285,337",855
484,+9,"Enrique Iglesias - Bailando ft. Descemer Bueno, Gente De Zona","285,254","1,213"
485,-31,DJ Snake - Let Me Love You ft. Justin Bieber,"285,225","1,555"
486,=,"Pitbull - Give Me Everything ft. Ne-Yo, Afrojack, Nayer","285,094","1,310"
487,+31,Bom Diggy Diggy (VIDEO) | Zack Knight | Jasmin Walia | Sonu Ke Titu Ki Sweety,"283,672","1,149"
488,+27,Paulo Londra - Tal Vez (Official Video),"283,650",914
489,+15,Dimitri Vegas & Like Mike & Ti√´sto & Dido & W&W - Thank You (Not So Bad) (Official video),"283,645","2,018"
490,-20,"Briella, La Joaqui, Yami Safdie - Coquette Remix (Video Oficial)","283,302","5,524"
491,-39,"Tyla, Gunna, Skillibeng - Jump (Official Music Video)","283,280","3,521"
492,-44,Sherine - El Watar El Hassas | ÿ¥Ÿäÿ±ŸäŸÜ - ÿßŸÑŸàÿ™ÿ± ÿßŸÑÿ≠ÿ≥ÿßÿ≥,"283,183","1,355"
493,-24,O Sajna (Official Video) - Badshah X DIVINE X Nikhita Gandhi | Ek THA RAJA,"283,154","3,711"
494,-10,Glass Animals - Heat Waves (Official Video),"283,001","2,459"
495,+12,Timbaland - Apologize ft. OneRepublic,"282,814","1,235"
496,-34,"LET'S GO 4 - DJ GBR, IG, Ryan SP, PH, Davi, Luki, Don Juan, Kadu ,GH do 7, GP, TrapLaudo","281,899","1,284"
497,-23,Mrs. GREEN APPLE„Äå„É©„Ç§„É©„ÉÉ„ÇØ„ÄçOfficial Music Video,"281,224","1,719"
498,+304,Pablo Alboran - Donde Est√° El Amor ft. Jesse & Joy (Videoclip oficial),"281,165",627
499,-26,"Poolamme Pilla | HanuMan (Telugu) | Prasanth Varma |Teja Sajja, Amritha | GowraHari | Kasarla Shyam","280,881",795
500,-6,"Marshmello, Manuel Turizo - El Merengue (Official Video)","279,836",496
