Video,Trending
Gabriela Rocha - Toda Terra (Ao Vivo),#4 Brazil
SET VINI JR. - Os Pretos no Devido Lugar,#21 Brazil
å›è‰²ã«æŸ“ã¾ã‚‹ / åŒ—è¦‹éŠå¾ã€ã«ã˜ã•ã‚“ã˜ã€‘ Cover,#15 Japan
"Tananai, Annalisa - STORIE BREVI (Official Visual Art Video)",#6 Italy
BADVILLAIN - 'ì•¼í˜¸(BADTITUDE)' MV,#22 Indonesia
il REEE farÃ  un #RedBull64Bars? ğŸ˜‚ #Blur,#8 Italy
Yasmin Yanni | De Repente de Deus [Clipe Oficial],#31 Brazil
ALONZO - HASTA LA VISTA,#6 France
à¹„à¸¡à¹ˆà¸•à¹‰à¸­à¸‡à¸¡à¸µà¸—à¸µà¹ˆà¸—à¸µà¹ˆà¹ƒà¸«à¹‰à¸‰à¸±à¸™à¸­à¸¢à¸¹à¹ˆ à¹à¸•à¹ˆà¸‚à¸­à¹à¸„à¹ˆà¸¡à¸µà¸‰à¸±à¸™à¸­à¸¢à¸¹à¹ˆà¸à¹‡à¸à¸­ (Spaceless) - getsunova [SHORT FILM],#22 Thailand
à¹à¸ªà¸”à¸‡à¸ªà¸”ğŸ¥‚ğŸ˜ #à¸à¸§à¸²à¸‡à¸”à¸§à¸‡à¸¤à¸—à¸±à¸¢ #à¸™à¹‰à¸­à¸‡à¹€à¸—à¸ªà¹€à¸¡à¸²à¹€à¸ˆà¹‰à¸²à¹€à¸—à¸ªà¸”à¸µ #sts73,#25 Thailand
[LIVE] íŠ¸ë ˆì €(TREASURE) - KING KONG | ë‘ì‹œíƒˆì¶œ ì»¬íˆ¬ì‡¼,#27 Indonesia
Ğ–Ğ¸Ğ·Ğ½ÑŒ,#22 Russia
BABASHA - PÄƒi Naa | Official Video,#1 Romania
ãšã£ã¨çœŸå¤œä¸­ã§ã„ã„ã®ã«ã€‚[â™ªå±…çœ ã‚Šé å¾éšŠ] Waboku Animation + next?,#24 Japan
GYA - Africa | Official Video,#2 Romania
Florin Cercel si Luis Gabriel - Dragoste ce-nseamna fericire Official video Live 2024,#6 Romania
Long D,#25 South Korea
ãƒ¡ãƒ¡ãƒ³ãƒˆ - VACHSS Music Video,#33 Japan
SCH - Prequel,#19 France
SAMI G | URBANIST SESSIONS,#11 Romania
Jâ€™ENREGISTRE DES ARTISTES EN PLEINE RUE DANS LE 78 AVEC BOLEMVN #PDSTREET4,#20 France
AlemÃ¡n - LÃ­nea del Tiempo (Video Oficial),#45 Mexico
Me Pongo Bonito - Bayron Fire (Prod. By Belyko - Dayzer23),#10 Chile
Mabel Matiz - Ä°ki SatÄ±r Yara feat. AÅŸkÄ±n Nur Yengi,#44 Turkey
Sofiane Asla 2024 Ù†ØµØ¨Ø± Ù‚Ù„Ø¨ÙŠ ÙˆÙ†Ù„Ù‡Ø§Ù„Ùƒ Nsaber Galbi Wnelhalek Â© Avec YouSri Oscar | Clip Officiel 2024,#22 Algeria
"à¸¡à¸±à¸™à¸ªà¹Œ à¸”à¸´à¸š à¸­à¸à¸«à¸±à¸ à¸«à¸§à¸²à¸™ ""à¸à¸µà¹ˆà¹€à¸ªà¸"" à¹„à¸¡à¹ˆà¹€à¸„à¸¢à¸‚à¸±à¸” à¸ˆà¸±à¸”à¹„à¸”à¹‰à¸«à¸¡à¸” ğŸ¸ #à¸™à¸±à¸à¸œà¸ˆà¸à¹€à¸à¸¥à¸‡REPLAY #LOSO #LOSOORIGINAL",#42 Thailand
"Hinol Polska Wersja - 2N3P ft. Jano Polska Wersja, MaÅ‚ach/Rufuz",#23 Poland
Andrei Banuta - Inima mea e locul tau | Live Session w Band,#20 Romania
"Kubi Producent - Pusty pokÃ³j, ale pÅ‚yty diamentowe ft. Szpaku, Tulia (Official Video)",#24 Poland
Sarah - Sexy Magica (Official Video),#33 Italy
@YNYSebi & Burak - Panica Balkanica | Official Video,#22 Romania
"ĞŸÑ€Ğ¸Ğ²ĞµÑ‚, ÑÑ‚Ğ¾ ĞĞ°Ğ²Ğ°Ğ»ÑŒĞ½Ñ‹Ğ¹. ĞšĞ¾Ğ½Ñ†ĞµÑ€Ñ‚ Ğ² Ğ´ĞµĞ½ÑŒ Ñ€Ğ¾Ğ¶Ğ´ĞµĞ½Ğ¸Ñ ĞĞ»ĞµĞºÑĞµÑ. Noize MC, ĞšĞ°ÑÑ‚Ğ°, ĞĞ˜Ğ“Ğ•Ğ›, ĞŸĞ¾Ñ€Ğ½Ğ¾Ñ„Ğ¸Ğ»ÑŒĞ¼Ñ‹",#44 Russia
Alex Botea - 112 Arabii | Official Video,#23 Romania
OKI - AGENT 47,#27 Poland
ä¸€é¦–æ–°æ­Œå°±é€™æ¨£å¯«å®Œäº†â€¦ @osn-osn,#5 Taiwan
TENÃA MIEDO DE EQUIVOCARSE EN LA COREO PERO MIREN CÃ“MO CAMBIO AL SONAR LA MÃšSICA ğŸ˜±ğŸ˜±,#21 Spain
Erika Isac x Delia - ABRACADABRA | Official Video,#27 Romania
[ì˜ˆëŠ¥ì—°êµ¬ì†Œ] XG (ì—‘ìŠ¤ì§€) â€“ WOKE UP í’€ìº  | ì‡¼! ìŒì•…ì¤‘ì‹¬ | MBC240601ë°©ì†¡,#50 Japan
The Limba x Misha Miller x Andro feat. Dyce - Mamma Mia (Romanian and Spanish Version),#28 Romania
OSCAR - HAOS ft. M.G.L. & RAVA,#29 Romania
Jezzy - Piky | Audio Oficial [Prod. Leo RD],#16 Dominican Republic
"Fedez, Emis Killa - SEXY SHOP (Visual Video)",#43 Italy
×¢×•××¨ ××“× & ×©×¨×§ - ×¨××™×ª×™ ×¢×•×œ×,#1 Israel
å‰µä½œéˆæ„Ÿä¾†å¾—çœŸçªç„¶ğŸ‹ï¸,#12 Taiwan
PATEC: PIERWSZY WYWIAD PO ZDOBYCIU MOUNT EVEREST,#35 Poland
×¤××¨ ×˜×¡×™ - ×¨×•×– (PROD. BY TALISMAN & MARKO),#3 Israel
MGK666 feat. ROBERTO - Omerta M/V,#33 Romania
ROCHY RD X DONATY - CUANDO PRENDO (TOY PRENDIO ),#19 Dominican Republic
"Amenazzy, NTG - EBRIO (Video Oficial)",#20 Dominican Republic
"Omar Montes, Lola Indigo, Las Chuches - EL PANTALON (RUMBAS - Official Video)",#31 Spain
× ×¡ X ×¡×˜×™×œ×” - ×‘×××¤×¨×™× (Prod. By Stilla),#5 Israel
Nicole Cherry - Noptile | Moon Session,#35 Romania
Energyçš„E16è¹²ï¼é€™æ¬¡äº”æœˆå¤©çœŸçš„è¹²æ»¿16ä¸‹çµ¦ä½ çœ‹ï¼Ÿï¼,#17 Taiwan
××™×ª×™ ×œ×•×™ - ××¢×¨×‘ ×¨××©×•×Ÿ (Prod. By Maor Shitrit),#7 Israel
JERE KLEIN - SOLO DIME FEAT EL BAI (VISUALIZER) | ARES KLEIN,#37 Chile
××•×“×™×” - ×‘×’×œ×’×•×œ ×”×‘× (Prod. By Matan Dror),#10 Israel
Georgiana Lobont X @CostyDeoanca â¤ï¸â€ğŸ”¥ ROMEO È™i JULIETA,#40 Romania
"Ø§ØºÙ†ÙŠÙ‡ ""Ø¹Ù… Ø¬ÙŠÙ„Ùƒ ""( ØµØ¹Ø¨ Ù†Ù„Ø¹Ø¨ Ø³ÙˆØ§ ) Ø­ÙˆØ¯Ù‡ Ø¨Ù†Ø¯Ù‚ Ùˆ Ù…Ø³Ù„Ù… / Ø§Ù„Ø¨ÙˆÙ… Ø³Ù„Ø·Ø§Ù† Ø§Ù„Ø´Ù† 2024",#39 Egypt
KEYVIEM - LLANTOğŸ¥€ ( VIDEO OFICIAL ),#32 Dominican Republic
CorazÃ³n Serrano - PagarÃ¡s Con LÃ¡grimas (Video Oficial),#40 Peru
Miro â€” Onsuz (Prod by SarkhanBeats),#7 Azerbaijan
byealex Ã©s a slepp - bangkok,#4 Hungary
Alex Botea & Tony One - Romani si Tigani | Official Video,#50 Romania
CorazÃ³n Serrano - Lo EngreÃ­ (Video Oficial),#43 Peru
Bhai â harami âœ… | The most viral comedy by Maabeta ğŸ”¥ #ytshorts #shorts,#19 Nepal
ğŸ¤°Viene El Chichi - La Perversa âŒ Quimico Ultra Mega [Video Oficial] @mapanegromusiic,#40 Dominican Republic
××™×ª×™ ×œ×•×™ - ×—×•×œ×” ×™×¨×— (Prod. by Navi),#25 Israel
G.w.M x Dobozi Lacika - HÃ¡la istennek /Official 4k Videoclip/,#10 Hungary
Mejja - Ushawahi [Official Video],#6 Kenya
#Short Video | Hokhat Naikhe Laika | #Antra Singh Priyanka Bhojpuri Song,#26 Nepal
The Bahati's Empire | The First Kenyan Reality On Netflix,#7 Kenya
Geszti PÃ©ter x PÃ©terfy Bori: BELÃ‰D SZERETTEM. EZ VAN. (Official Music Video),#14 Hungary
Otile Brown x Barakah The Prince - Umenipendea Nini (Official Video),#11 Kenya
Djena x Djordan - Po-poleka / Ğ”Ğ¶ĞµĞ½Ğ° Ğ¸ Ğ”Ğ¶Ğ¾Ñ€Ğ´Ğ°Ğ½ - ĞŸĞ¾-Ğ¿Ğ¾Ğ»ĞµĞºĞ° | Official Video 2024,#4 Bulgaria
"Ğ¡Ğ¾Ñ„Ğ¸ ĞœĞ°Ñ€Ğ¸Ğ½Ğ¾Ğ²Ğ° - ĞŸĞ°Ğº ĞÑÑ‚Ğ°Ğ²Ğ°Ğ¼ / Sofi Marinova - Pak Ostavam | Official 4k Video, 2024",#5 Bulgaria
Ali Jassim - Ayshni Jana Jana (Official Music Video) |2024| Ø¹Ù„ÙŠ Ø¬Ø§Ø³Ù… - Ø¹ÙŠØ´Ù†ÙŠ Ø¬Ù†Ø© Ø¬Ù†Ø© (ÙÙŠØ¯ÙŠÙˆ ÙƒÙ„ÙŠØ¨),#38 Saudi Arabia
BIGru i Paja Kratak - Daleko feat. Ivana ZeÄeviÄ‡ & Biba (Official Audio 2024),#17 Serbia
"LILA, RACK - 9ARI (Official Music Video)",#5 Greece
Enriko x Balogh Kevin- Arabos a pacekom habibi - | Official ZGStudio video |,#21 Hungary
×¢×§×™×‘× | ×œ×œ××•×“ ×œ×¢×•×£ | Akiva | Lilmod Lauf,#37 Israel
TSVETELINA YANEVA - NEVIZHDANI OCHI / Ğ¦Ğ²ĞµÑ‚ĞµĞ»Ğ¸Ğ½Ğ° Ğ¯Ğ½ĞµĞ²Ğ° - ĞĞµĞ²Ğ¸Ğ¶Ğ´Ğ°Ğ½Ğ¸ Ğ¾Ñ‡Ğ¸ | Official video 2024,#9 Bulgaria
Blingos - Afyoun (Clip Officiel) | Ø£ÙÙŠÙˆÙ†,#28 Tunisia
byealex Ã©s a slepp - utÃ¡lok minden latin dalt ft. jaber,#23 Hungary
ĞœĞ¾Ğ»ĞµÑ† - Ğ¡Ñ‚ĞµĞ½Ğµ ÑÑŠÑ€Ñ†ĞµÑ‚Ğ¾ Ğ¼Ğ¸ [Official Video],#12 Bulgaria
Ramiz Hatemoglu / Yari Basqasi 2024 #ramizhatemoglu #trend,#29 Azerbaijan
FAITH NZILANI - MWANA WAKWA (OFFICIAL 4K VIDEO),#21 Kenya
ROLAND 2024 X ÅRZÃ–M ÃLMOD //Official videoclip 4K,#27 Hungary
à¶¸à·œà¶«à¶» à¶šà·’à¶»à·’à¶½à·Šà¶½à·“ à¶¸à·’à¶ºà·”à·ƒà·’à¶šà·Š à·€à·“à¶©à·’à¶ºà· Behind The Scene Part 1 ğŸ¦šğŸ˜‰ #beemusic #beemusicrecords #monara_kirilli,#25 Sri Lanka
Î ÏŒÏƒÎ± ÏƒÎ·ÎºÏÎ½ÎµÎ¹ Î¿ Light?,#13 Greece
Volver Al Futuro,#36 Guatemala
×¨×•××™ ××“× - ×’×‘×•×œ×•×ª ×”×’×™×•×Ÿ (×§××‘×¨),#45 Israel
L'ENTOURLOOP & AZAHRIAH - Don't Turn The Bass Down (Official Video),#30 Hungary
Aysun Ä°smayilova - Hec Olmasa 2024 (Yeni Klip) 4K,#34 Azerbaijan
byealex Ã©s a slepp - a bosszuÌ eÌjjeleÌn,#32 Hungary
×‘×Ÿ ×¦×•×¨ â€“ ×ª×©×œ×™×š (Prod. By Offir.cohen),#49 Israel
Plutonio - Acordar,#12 Portugal
I Wasn't Expecting That From This Random RapperğŸ¤¯ @huddy,#44 South Africa
Kizz Daniel - Double (Official Visualizer),#10 Nigeria
BISPO - Quase Fiquei Louco,#16 Portugal
Balaeli - Sen Necesen 2024 (Yeni Klip),#41 Azerbaijan
Valiant - GodFada (Official Music Video),#1 Jamaica
Tornillo - Una Historia Triste (Video Oficial),#46 Guatemala
Resad Dagli ft Vuqar Bileceri - Zergere Zerden Danisanlardanam 2024 (Remix - Ayxan Deniz),#43 Azerbaijan
"Chronic Law, Nvtzz - Bad | Official Music Video",#3 Jamaica
4tress - Ãšgy Ã©lek,#41 Hungary
Raw Cashh - Talkatone | Official Music Video,#4 Jamaica
KASO - MAZELT SGHIR ( EP FEELINGS ),#47 Tunisia
VALMAR - PONT JÃ“ (Official Music Video),#42 Hungary
JenJoon - SNIN SAAB | Ø³Ù†ÙŠÙ† ØµØ¹Ø§Ø¨ (Official Music Video),#48 Tunisia
Malie Donn - 5 Hype (Official Music Video),#6 Jamaica
"Teebone, Pablo YG - Frozen | Official Music Video",#7 Jamaica
BSW - BoldogtalansÃ¡g (Akusztik Live),#45 Hungary
ARMANII - BUBBLE (Official Video) ft. Worl Baba,#9 Jamaica
"Rygin King, Damian Marley - Things Done Change | Official Music Video",#14 Jamaica
Javo Donn - Wuff Wuff (Official Music Video),#18 Jamaica
Omdat Het Kan & Average Rob - On Met La Patate (Belgian Anthem),#10 Belgium
"ç²‰çµ²è¶…æ¿€å‹•æ¥å”±""å‰›å‰›å¥½""ã€Œè™Ÿã€å‹•çœŸæƒ…ğŸ¤£è–›ä¹‹è¬™åˆè´ˆæˆ’æŒ‡ğŸ’å’¯ #live #è–›ä¹‹è°¦ #è–›ä¹‹è°¦æ¼”å”±ä¼š #è–›ä¹‹è¬™ #jokerxue #å¤©å¤–ä¾†ç‰© #concert #team #band #fans",#23 Hong Kong
GIMS & DYSTINCT - SPIDER (Clip officiel),#12 Belgium
Jovani x Taja - JÅ«ra (Official video),#2 Lithuania
Tiho OrliÄ‡ i OpÄ‡a Opasnost - Najbolja kad je najteÅ¾e (Official music video),#8 Croatia
MARIZA - Desamor feat. GSON [Official Music Video],#38 Portugal
GJan - MylÄ—jau KaÅ¾kada | Lyric Video,#4 Lithuania
BÃ¡rbara Bandeira - FumaÃ§a (feat. Veigh),#41 Portugal
LA JOAQUI - San Turrona (Video Oficial),#21 Paraguay
"ECKO, Los Turros, Doble P - Loquita (Remix) (Video Oficial)",#22 Paraguay
"Rokas Yan, Monika Liu, Vaidas Baumila - GeguÅ¾is",#9 Lithuania
Rohony & Manene â€“ LetnÃ¡,#8 Czech Republic
"Kenia OS, El Malilla - Un Bezito (Red Carpet)",#44 Honduras
Can we normalize giving flowers to men! ğŸ˜­ğŸ™ğŸ¾ğŸŒ¹ #shorts #dakotajohnson #flowers,#31 Netherlands
"Rygin King, Chronic Law - Recovery | Official Music Video",#34 Jamaica
Calin â€“ Window Shopper,#15 Czech Republic
"NUCCI - DUNI, DUNI (Generacija Zed 2024)",#23 Croatia
JOB - PER ONGELUK VERLIEFD,#37 Netherlands
LO QUE VIVIÃ“ MAMÃ - OMAR GELES (Video Oficial),#24 Nicaragua
"Nigy Boy, Dj Mac - Get Wild (Official Music Video)",#41 Jamaica
SIMBA ğŸ¦#SIONIMBELE accapella #diamondplatnumz #wasafi,#8 Tanzania
SEPAR - DOJDI /prod.DUALITOR/ |Official Video|,#3 Slovakia
Popcaan - Who Is You | Official Music Video,#45 Jamaica
NewJeans (ë‰´ì§„ìŠ¤) 'How Sweet' Official MV,#49 Hong Kong
Mocco Genius feat Alikiba - Mchuchu (Official Music Video),#13 Tanzania
Young Lunya - Mbwa mwitu (Official Audio),#14 Tanzania
Teebone - Skate Benz (Official Music Video),#48 Jamaica
Harmonize Feat. Marioo - Disconnect (Dance Video),#16 Tanzania
450 - Levels | Official Music Video,#50 Jamaica
Donnie & Snollebollekes - Engelengezang (De OfficiÃ«le Muziekvideo),#50 Netherlands
Yammi feat Nandy - Lonely (Visualiser),#19 Tanzania
Bes Kallaku & Eli Malaj - Mosmirnjohja (Official Video 4K),#16 North Macedonia
YAEL & TIAN MOON - NAD VODOU |Official Video|,#15 Slovakia
DUUUH!!!!_Tazama alichofanya ally kamwe / Mobeto apagawa washikana mikono,#24 Tanzania
Zuchu feat Toss - SIji,#25 Tanzania
BUTRINT IMERI - PSIKOPAT,#20 North Macedonia
Franka x ToMa â€“ Da opet naÄ‘em te,#45 Croatia
MANAL - MAHBOULA - CHAPTER III - (Official Music Video),#49 United Arab Emirates
Tea Tairovic - TEA (Official Video || Album TEA),#23 North Macedonia
Ğ Ñƒ Ğ²Ğ°Ñ Ğ±Ñ‹Ğ» ĞºĞ°ÑÑĞµÑ‚Ğ½Ñ‹Ğ¹ Ğ¿Ğ»ĞµĞµÑ€?,#39 Belarus
LOVE COMMISSIONER REMA NAMAKULA FT. DAVID LUTALO OFFICIAL HD VIDEO,#2 Uganda
"King Promise, Sarkodie, Olivetheboy - Favourite Story (Official Video)",#6 Ghana
Majk - Temelin,#40 Switzerland
Gabrielius Vagelis - Tave,#49 Lithuania
Rene Rendy & Cico Band - Pedro |Official Video|,#30 Slovakia
GJESTI - BEBA ( Prod. By Albos ),#32 North Macedonia
Zuchu - Siji Dance Class,#38 Tanzania
Geasy x Luiz Ejlli - Ding Ding,#38 North Macedonia
Rauw Alejandro - Touching The Sky (Official Video),#38 Puerto Rico
Davido - KANTE (Official Video) ft. Fave,#18 Uganda
Mbosso - Kunguru (Official Audio),#50 Tanzania
Killer T - Kana Ndanyura (Official Video),#1 Zimbabwe
Winky D-Iyeye (Official Video),#2 Zimbabwe
Winky D ft Frya-Akayenda (Official Video),#4 Zimbabwe
á€á€­á€¯á€·/ á€á€°á€„á€šá€ºá€á€»á€„á€ºá€¸ - á€–á€¼á€­á€¯á€¸á€•á€¼á€Šá€ºá€·á€…á€¯á€¶ To...Thu Ngal Chin - Phyo Pyae Sone [Official MV],#39 Singapore
Twenty One Pilots - Clancy Music Videos Premiere Livestream,#50 Puerto Rico
nublu - push it feat. maria kallastu,#1 Estonia
SHANON - Selle suve lugu (Official Video),#4 Estonia
That Girl (Official Video) | Amrinder Gill | Dr Zeus | Raj Ranjodh | Judaa 3 | Chapter 2,#47 New Zealand
In The Room (Afro Beat Version) | Maverick City Music feat. Annatoria (Official Music Video),#50 Zimbabwe
"SONG: ""Give Me A Kiss"" by Crash Adams""ğŸš€ I Wasn't Expecting That From This Random RapperğŸ¤¯ @JVKE",#35 Malta
